CB	mito_pct
AAGACTCAGAACCCGA	0.0
AAGTGAACATCCGCGA	0.0
AATCACGCAACAGATA	0.0
ACAGCCGCAATTTCTC	0.0
ACCACAATCCGATTAG	0.0
ACCTGTCCATTAAGCC	0.0
ACGTCCTAGGAACGTC	0.0
ACGTTCCGTCCTGTTC	0.0
ACTGTGAAGTCCTACA	0.0
ACTTCCGAGCTAATGA	0.0
AGCGCCACACGACGAA	0.0
AGGAATATCATCCCGT	0.0
AGGCTGCAGCATGCAG	0.0
AGGGTTTCAAGGTCAG	0.0
ATGAAAGAGTGCACAG	0.0
CATGCTCCATCAGCTA	0.0
CCATCACTCCACACCT	0.0
CGAATTGCAATATCCG	0.0
CGCATAATCGAGTGGA	0.0
CTGGACGTCAAGTCTG	0.0
GAAATGACAACAGTGG	0.0
GAACTGTAGTTCCAGT	0.0
GCACATAGTGACTAAA	0.0
GCCCGAAAGCAATAGT	0.0
GGGCCATAGGAGCTGT	0.0
GTGCACGCAAAGTGTA	0.0
GTGTGATTCCTGTACC	0.0
TACATTCGTATGCTAC	0.0
TACTGCCGTGCATGTT	0.0
TATCAGGCATGGACAG	0.0
TCCATCGAGTCACTGT	0.0
TCTGCCAAGCCTGTCG	0.0
TGGATCATCTTTCAGT	0.0
TGTACAGGTCTGTCCT	0.0
TTCTAGTCATCCGGTG	0.0
