CB	D1	D2
AAACCCACAGCCGTCA	13.346984	-2.447595
AAACCCACAGTCGGTC	14.145855	-1.5709826
AAACGAAAGAATTCAG	13.786222	-1.3564094
AAACGAAAGACTTCAC	11.885313	0.74236697
AAACGAACAACCGCTG	11.526662	0.33425033
AAACGAACAATTTCCT	9.858791	-3.100318
AAACGAAGTTAGCTAC	11.179201	-2.0195537
AAACGAATCCGTGGTG	10.826121	-4.0544834
AAACGCTCACACCGAC	13.712983	-3.02277
AAACGCTCACGTCTCT	11.624189	-2.7574852
AAACGCTCAGCAGTCC	12.255454	-2.3964126
AAACGCTTCTGTAAGC	8.857319	-0.3095405
AAAGAACAGCAAATCA	14.015268	-1.467325
AAAGAACAGGGTTAAT	12.149795	-3.2001057
AAAGAACTCAAAGAAC	11.053742	-3.997014
AAAGAACTCGCTCCTA	10.257924	-2.8685372
AAAGGATGTTCCAAAC	12.783351	-2.3191493
AAAGGATGTTGGGAAC	13.111437	-2.3151708
AAAGGATTCCTAACAG	11.111101	-3.421575
AAAGGGCCACACGGAA	12.414527	-0.35431135
AAAGGGCCAGAGCCCT	12.885031	-1.9983428
AAAGGGCCATCGAACT	11.459216	-2.1719165
AAAGGGCGTGCGGTAA	11.761975	-3.1913097
AAAGGTAAGTAGAGTT	12.394215	1.6881145
AAAGGTAGTAAGTTGA	11.605972	-4.0630264
AAAGTCCGTCTACTGA	11.594546	0.94267607
AAAGTCCTCATTACCT	13.296491	-2.816055
AAAGTGAAGTGATAAC	12.305301	1.2777251
AAATGGAGTTACCGTA	12.571405	-3.4236326
AAATGGATCCCGAATA	12.116482	-2.1337125
AAATGGATCGGTCTGG	12.538422	-2.9141097
AACAAAGAGACTACCT	13.309025	-2.638356
AACAACCAGGTACATA	14.057814	-1.1516376
AACAACCCACCCAAGC	12.492198	-3.7579117
AACAACCTCTGGTCAA	12.853728	-2.4553177
AACAAGACAAATCCCA	14.34107	-1.598879
AACAAGACATTGACTG	10.607621	-2.3223255
AACAAGACATTGCCGG	10.761568	-3.1702244
AACAAGAGTCCACTTC	11.137495	-4.117411
AACAAGATCCAAGGGA	12.638621	-2.1309867
AACACACCATCCAATG	11.345656	1.4719782
AACACACTCACGAGGA	12.120206	0.23811646
AACAGGGAGTAGATCA	12.300517	-1.3678168
AACAGGGGTGAGCTCC	12.237003	0.9965536
AACAGGGTCAACGTGT	12.815348	-3.8515403
AACCAACCACCGGTCA	10.2569895	-1.0531349
AACCAACGTAGAATAC	9.333037	-0.85959154
AACCAACGTCGAATGG	11.608219	1.0790703
AACCAACTCGGCCCAA	13.631358	-2.4834607
AACCAACTCGTCTACC	10.699397	-3.0078533
AACCACATCTCATGGA	13.76949	-0.9651887
AACCATGGTACGTACT	12.159882	-0.03212105
AACCCAAAGAGGGTCT	13.724425	-2.6893806
AACCCAAGTAAGGAGA	9.984357	-2.1173935
AACCCAATCCTCTAAT	12.509361	0.46854737
AACCCAATCGCACTCT	10.465922	-2.693136
AACCTGAAGACAGCTG	13.790505	-1.1482536
AACCTGAAGGTCACTT	10.99161	-3.124978
AACCTGAAGTCAGCGA	11.323148	-2.0308928
AACCTTTCAGCAAGAC	10.514216	0.55237585
AACCTTTCATGACGTT	11.731086	0.5618353
AACCTTTGTCATAAAG	12.405024	0.8893339
AACCTTTGTGCGCTCA	10.175083	-1.273763
AACCTTTTCCAACTAG	10.191868	-2.8012662
AACGAAAAGTCCGTCG	12.496197	-2.9039977
AACGAAAGTGAATATG	14.224753	-0.63785845
AACGAAAGTGCCTTCT	9.722826	-1.216955
AACGAAATCTCGTCAC	11.861904	0.5935754
AACGGGACACAGCCTG	10.77485	-2.1765034
AACGGGACATCTTAGG	12.123404	-2.6605113
AACGGGAGTTATAGCC	10.380981	-2.563524
AACGTCAAGACCATTC	12.241959	0.83066005
AACGTCACAACAAAGT	10.782262	-4.1626987
AACGTCACACCAAAGG	12.290489	-2.7863514
AACTTCTCAACGGCTC	10.490763	0.45338246
AACTTCTCATGACTTG	9.284335	0.01557218
AAGAACAAGGATGTTA	13.573835	-2.5570343
AAGAACAAGTGGCAGT	13.425326	0.41008002
AAGAACAGTGCCCACA	12.207412	0.92129797
AAGAACATCCTACGAA	14.281714	-0.99952066
AAGACAAAGCAATTAG	12.624344	-2.0442085
AAGACAACACTGAATC	12.3515835	-0.8364071
AAGACAACATATCGGT	10.158626	-1.3790096
AAGACTCCAATTAGGA	12.397158	0.927709
AAGACTCGTACCCGCA	12.683012	1.084605
AAGACTCGTGAGTCAG	12.0574045	-0.2980857
AAGACTCGTGTTCGTA	10.14992	-1.2721653
AAGACTCTCAAATGAG	11.453919	1.6728382
AAGATAGCAGTCTGGC	10.768956	0.12822464
AAGATAGGTGTTGCCG	12.537722	-1.3138299
AAGCATCAGCAACAAT	12.815178	-3.2473943
AAGCCATGTCCGACGT	12.387014	-2.4500835
AAGCGAGAGATCGCTT	8.802208	-0.02891273
AAGCGAGAGCAAATCA	10.037751	-0.7111503
AAGCGAGGTTCGTTCC	12.50518	0.9489514
AAGCGAGTCCTCGATC	11.332027	1.497261
AAGGAATAGATACAGT	13.494777	-0.78835016
AAGGAATGTCTCTCCA	13.459227	0.61238056
AAGGTAATCAACGCTA	12.148394	0.5839241
AAGTACCCAGGTATGG	12.336597	-1.728746
AAGTACCGTCCACGCA	10.487454	-0.98061484
AAGTCGTAGAGTGGCT	10.983172	-3.6234002
AAGTCGTCAGTAACCT	12.002109	-3.7882936
AAGTGAAAGGTTCATC	12.115909	-3.2470508
AAGTGAACATCCGCGA	10.667529	0.41912732
AAGTTCGCAACTGGTT	8.785047	-0.07334701
AAGTTCGGTAACGGTG	12.836688	-3.625163
AATAGAGGTATCCCAA	8.895304	-0.4264131
AATAGAGGTCCACTTC	11.945036	-0.9315825
AATAGAGTCTTACCAT	13.92211	0.62239045
AATCACGCAACAGATA	12.732418	-1.7923445
AATCACGCAGACACAG	12.416806	1.1531063
AATCACGGTCGTTATG	13.617271	-1.1696519
AATCACGGTGGCTTAT	12.3632765	-2.4416275
AATCGACAGTTCTCTT	11.868454	-3.355783
AATCGTGAGCGGTATG	11.732893	-1.2024329
AATCGTGGTATCCTTT	11.814481	0.4901856
AATCGTGGTCACTACA	11.656142	1.5564566
AATGAAGGTGGACCAA	11.778605	-1.1102774
AATGAAGTCAAGTCTG	10.967168	-2.7221417
AATGACCGTACGATTC	12.367842	-2.3362563
AATGGAAGTGTCCAAT	13.946254	-2.6160219
AATGGAATCTTCCAGC	12.506785	-3.1124957
AATTCCTCAGTGGTGA	12.023534	0.02939498
AATTCCTTCAAATGAG	11.821088	-0.6708146
AATTCCTTCGGACTGC	9.922517	-0.97332925
AATTTCCAGGACCCAA	10.85896	-0.85447735
AATTTCCCACAACCGC	11.698658	1.5769016
AATTTCCCACCAACAT	11.292886	1.2545395
AATTTCCCAGTCAGAG	13.754336	0.8109625
AATTTCCTCAGGACGA	13.858949	-1.1017232
ACAAAGAAGGGAGGCA	14.208522	-1.5101869
ACAAAGATCCACATAG	12.6229105	-3.2787132
ACAACCAAGAATCGAT	11.626157	-2.1516187
ACAACCAAGCACACAG	10.391944	0.51765054
ACAACCAGTCTTCTAT	11.986724	-0.4040404
ACAACCAGTGTTGCCG	13.982545	-1.4620075
ACAACCATCCGTGACG	11.714487	-2.4770098
ACAAGCTGTTGAAGTA	10.776682	-2.4436755
ACAAGCTTCTGCAGCG	13.689028	0.4103392
ACACAGTAGTAGGAAG	12.647749	1.0813966
ACACAGTGTAGTCACT	9.714284	-1.1727438
ACACCAAGTACAGCGA	12.797612	-2.72432
ACACCAAGTGTTACTG	9.872513	-1.0186427
ACACCAATCCGGACGT	12.129517	-2.8617544
ACACGCGCAACTCGTA	12.007091	-3.0540137
ACACGCGCACCTTCCA	12.635563	1.2313544
ACACGCGTCGGATACT	10.293793	-0.22622535
ACACGCGTCTCTTAAC	11.38818	-3.0557826
ACACTGAAGGCTTAAA	11.945073	-3.6634147
ACACTGAAGGTAGTAT	10.339626	0.015305326
ACAGAAAAGATGGCAC	13.107752	-3.7708526
ACAGAAATCCGCTGTT	13.776687	-2.7316997
ACAGCCGCAATTTCTC	12.1843605	-1.034677
ACAGCCGCACAGCCAC	12.430044	-2.2051713
ACAGCCGGTCACGACC	13.426856	-0.8544727
ACAGGGAAGAATGTTG	13.634424	0.5397902
ACAGGGACACTTACAG	13.422218	-0.7040587
ACATCCCCATCCTTGC	8.733005	-0.12486665
ACATCCCTCGCATGAT	12.526982	-3.746018
ACATCCCTCTCGTCGT	9.948164	-0.8808358
ACATCGAAGAACTTCC	12.523492	-3.506651
ACATCGAAGGTGCTAG	11.832317	0.0066146706
ACATCGACACAAGGTG	9.546861	-0.91874796
ACATCGAGTCCCACGA	13.729639	-0.8204592
ACATCGAGTGTTACTG	12.00458	1.6467966
ACATCGAGTTATAGAG	10.105151	-0.8327896
ACATGCACAGGCACAA	13.102417	-0.98450583
ACATGCACAGGTAGTG	12.035008	-2.6069705
ACATGCAGTGTTCATG	13.266782	-1.4874862
ACATTTCCAAGTCCAT	10.2598715	-3.7868564
ACATTTCTCAATCTTC	14.266973	-1.0419326
ACCAAACAGAGAGAAC	11.580274	0.5942618
ACCAAACCAGTGGTGA	12.064662	-0.9476933
ACCAAACCATGACGTT	13.56055	-3.2376535
ACCAACAGTAACTGCT	11.390998	-4.329925
ACCAACAGTACCGCGT	12.054983	0.7677593
ACCAACATCCAAGCCG	12.725591	-3.338432
ACCAACATCCCTGGTT	10.994881	-3.9186146
ACCACAAAGTGTCATC	14.560911	-1.3092968
ACCACAAGTCGCACAC	12.203915	-1.9092225
ACCACAATCCGATTAG	12.887281	-2.1808658
ACCATTTAGAAGCTCG	12.165177	1.0866445
ACCATTTAGGCCTGCT	11.33263	-2.0151787
ACCATTTCAGGGCTTC	10.33989	-0.68045557
ACCATTTTCTGGCCTT	9.33552	-0.6178204
ACCCAAAAGATGGGCT	9.624092	-1.5427858
ACCCTCAAGAAGAACG	14.162725	-1.0828309
ACCCTCAAGGCATTTC	8.996008	-0.15885031
ACCCTCAAGTAGGCCA	10.350174	-2.9362788
ACCCTCAAGTTCATCG	9.711253	-0.4122876
ACCCTTGTCCACAAGT	10.201975	-1.2982614
ACCGTTCGTATGTCTG	10.190293	0.1327025
ACCGTTCGTCTAGGCC	9.58068	-1.9250126
ACCGTTCTCAGCCTTC	10.286278	0.18706867
ACCTACCAGGCGTTGA	10.168067	-1.2703395
ACCTACCAGTTTCGAC	10.2780285	-0.8708925
ACCTGAAAGAAGGCTC	12.750826	0.44475982
ACCTGAAAGCAAATGT	12.595938	-3.267374
ACCTGAATCGCAAGAG	9.69251	-1.3492781
ACGATCAGTGTAAACA	10.486347	0.8590943
ACGATGTGTTGGCCGT	14.482281	-1.1762654
ACGATGTTCGACACTA	11.033461	-2.76819
ACGATGTTCGCTCTAC	13.18559	1.1958377
ACGATGTTCTATCCAT	12.078664	0.8319462
ACGCACGCACCCAATA	13.6698	-3.3816054
ACGCACGGTAGGAGTC	11.777573	-2.232264
ACGCACGGTGCCGGTT	9.630112	-0.3756507
ACGCACGTCGCCTTGT	12.441486	-3.509925
ACGGAAGTCCGCTGTT	10.9866905	-1.645278
ACGGGTCAGCACCGAA	12.847503	-1.623405
ACGGGTCAGCACTGGA	11.626914	-2.6698067
ACGGGTCCACAGTCAT	11.898333	1.6473037
ACGGGTCCACTTGTCC	10.644813	-2.796863
ACGGGTCGTACCTGTA	13.750666	-2.480194
ACGGGTCGTCTGGTTA	9.825845	-0.3553731
ACGGGTCTCGTGGGTC	13.58661	-2.195335
ACGGTCGAGTGGCGAT	11.384994	-2.2387311
ACGGTCGCACCCATAA	11.42236	-1.3783833
ACGGTCGCAGCTATAC	10.682838	-0.90286154
ACGGTTACAGCGGTTC	10.885655	0.040784072
ACGGTTATCTGTGTGA	10.885996	-3.4641194
ACGTAACAGTCTGCAT	9.076426	-0.6181724
ACGTAACCAAAGTGTA	12.886329	1.6740849
ACGTACAAGAAATGGG	12.211491	-1.162931
ACGTACACAGAGACTG	11.908678	-2.5143087
ACGTACACATTATGCG	12.16967	-2.8212178
ACGTACAGTCATACCA	13.050803	1.4705741
ACGTACATCACGGGCT	10.75939	-2.6055586
ACGTAGTGTTCAGGTT	10.16549	-1.5207301
ACGTCCTAGGAACGTC	11.2436695	-2.1172755
ACGTCCTCACTCAAGT	9.897694	-0.8646023
ACGTCCTCATTAAAGG	10.968556	-0.26536635
ACGTCCTTCTCTCTAA	12.520491	-2.2951403
ACGTTCCCACAGTCAT	9.230375	-0.9122344
ACGTTCCCAGCTGTCG	12.253261	1.7336954
ACGTTCCCATCATCCC	11.185687	-1.9018332
ACGTTCCGTCCTGTTC	13.604805	0.17672516
ACTACGAGTATACAGA	13.606074	-3.3480196
ACTACGATCATCGTAG	13.503476	0.70269614
ACTACGATCGACCTAA	11.767841	-3.4132655
ACTATCTAGGTAGGCT	14.284612	-1.0928419
ACTATCTTCTGTCTCG	12.413617	-1.7133471
ACTATGGAGGTTGACG	10.316361	-1.7643825
ACTATGGAGTTTAGGA	11.5859375	-1.1845312
ACTATGGCAACGTTAC	12.3043585	0.89928836
ACTATGGGTACCTAGT	10.650503	-2.7896988
ACTCTCGCACAAACGG	10.832435	-4.092547
ACTCTCGCATCCCACT	10.624148	-2.494943
ACTCTCGGTATTGAGA	13.17831	-1.9763831
ACTCTCGGTTCTCCAC	12.204177	-3.7923439
ACTGATGGTGCCGTTG	12.456585	-1.978699
ACTGATGTCTTGGTCC	11.145787	-2.3697746
ACTGTCCAGCGTGAGT	11.848085	1.6184916
ACTGTCCCATGTTTGG	11.324882	1.5315405
ACTGTCCGTATCGAAA	11.758425	-2.0447133
ACTGTCCTCACTACGA	12.6752615	-1.9886245
ACTGTCCTCTACGGTA	11.369112	-4.0919495
ACTGTGAAGTCCTACA	10.786931	-1.8725929
ACTGTGACACCCTTGT	11.394819	0.73972577
ACTGTGACACTATGTG	10.0018215	-2.70803
ACTGTGAGTCCGATCG	10.25532	-0.8828412
ACTGTGATCACCTTAT	14.255208	-1.5887727
ACTTAGGCAGATCATC	11.225136	-2.503854
ACTTAGGGTGGTCTAT	12.778455	0.65548325
ACTTATCGTTCCTTGC	12.418903	-3.8960292
ACTTCCGAGCTAATGA	10.427294	-2.5800233
ACTTCGCCATACATCG	13.815838	0.18077998
ACTTCGCGTACTCGCG	11.802815	-1.8084699
ACTTCGCGTCAACACT	9.421186	-0.47969782
ACTTCGCTCAAGGACG	9.507157	-0.62413555
ACTTCGCTCATCCTAT	10.296753	-0.011752453
ACTTCGCTCATGGATC	13.877898	-1.3153428
ACTTCGCTCTTGTTAC	14.290616	-0.29405025
ACTTTCACAAGGGCAT	10.723995	-3.8136063
ACTTTCACATCTTTCA	14.110093	-1.6712801
ACTTTCAGTCGGCACT	11.349808	1.2020738
ACTTTCATCGCGCCAA	12.277494	0.82283676
ACTTTGTCAGCTAACT	10.951714	-4.1690626
AGAACAAGTAACAGTA	12.2185955	-1.686654
AGAACAAGTGACTGTT	11.728588	-1.5886143
AGAACAATCACTTGGA	14.003459	-1.1944926
AGAACCTAGGAACGAA	11.570117	-2.3313327
AGAACCTCAGGAAGTC	11.278975	-3.0821493
AGAAGCGAGACTCTTG	11.711772	-1.5347079
AGAAGCGAGAGCGACT	13.477866	-1.3207362
AGAAGCGCACACCAGC	11.619267	-4.1404157
AGAAGCGGTATGACAA	12.264645	1.2887408
AGAAGTAAGCGTGTTT	10.512697	-3.5252008
AGAAGTAAGTAAGCAT	13.873252	-1.3082181
AGAAGTAGTTGCATCA	14.277605	-1.35849
AGAAGTATCGAAACAA	9.668909	-1.7973331
AGAAGTATCGACCATA	9.958965	-2.7608368
AGACAAACACTACCGG	10.140504	-1.1899365
AGACAAAGTTAAGGGC	12.339987	-3.14755
AGACAGGAGGCCTTCG	12.316207	-1.0715387
AGACAGGCAACGTATC	14.457889	-1.0898147
AGACAGGGTGAGTCAG	10.603019	-3.0597
AGACCATCAGCGCTTG	12.823908	-3.1497207
AGACCATTCTGACGCG	12.54061	-1.8901567
AGACCATTCTTCGGAA	10.739188	0.3156693
AGACCCGCAGTGTGCC	10.327039	0.18927532
AGACCCGTCGTCTCAC	11.509248	-0.044535123
AGACTCACAAGGCTTT	12.830434	-3.1318169
AGACTCATCTGCTGAA	11.476737	0.45119244
AGAGAATTCTCTATAC	13.254702	-0.29764304
AGAGAGCCATGTGGTT	10.107738	-0.82489806
AGAGAGCTCCACAGGC	11.40672	-2.143852
AGAGCAGCAACGTAAA	10.417617	-1.6466506
AGAGCAGGTCAACCTA	12.023089	-3.0685823
AGAGCCCAGCTCCCTT	12.874563	-2.5852149
AGAGCCCAGGACGGAG	13.568206	0.37364814
AGATAGACACTCCGAG	12.64633	-3.2293494
AGATAGAGTGGGACAT	12.046571	0.7230807
AGATAGATCCGATAAC	12.528329	-1.4020026
AGATAGATCGGCTCTT	13.511741	-1.4053974
AGATAGATCTTCGCTG	10.527816	0.32218453
AGATCCAGTTCACCGG	10.195172	-1.6681612
AGATCGTCAGTCTTCC	9.50193	-0.70073456
AGATGAAAGCGTTAGG	11.488416	-3.2663233
AGATGAAGTATAGGAT	10.373841	-2.165834
AGATGAAGTTCCTTGC	12.402046	1.384469
AGATGCTAGACTCTAC	13.3834	0.56164414
AGATGCTAGGCAGTCA	12.130914	-3.399944
AGATGCTAGGTCTTTG	13.65971	0.87932247
AGATGCTCATTGCTGA	12.691582	1.2857572
AGATGCTGTCTTGCTC	12.983081	1.2619214
AGATGCTGTGGAGGTT	10.993791	1.778349
AGCATCAAGTTCGGTT	11.442629	-1.8744892
AGCATCAGTGGGAGAG	13.099881	-2.1952345
AGCCAATAGGACAGTC	11.022736	-2.13009
AGCCACGTCCACGTCT	11.273903	-1.9339645
AGCGATTCATCGAAGG	12.873194	-3.3783507
AGCGCCACACGACGAA	11.935941	-3.595932
AGCGCTGAGGCTGGAT	11.804214	-3.1535163
AGCGCTGCACGGTGCT	14.058842	-2.0145023
AGCGCTGGTACCGGAA	12.99185	0.67023766
AGCGCTGGTCGAACGA	10.558624	-0.7888974
AGCGTCGAGACGCTCC	13.580938	-2.4729772
AGCGTCGAGGCCTTGC	12.28249	-1.9565465
AGCTACAAGCAGCCCT	11.5017	1.4244502
AGCTACAAGTTTCTTC	12.604409	0.59323406
AGCTACAGTGAGGAAA	13.324014	-3.3967762
AGCTACATCACGATAC	12.981568	-3.0185986
AGCTACATCCCGAAAT	12.663289	1.1793786
AGCTCAACAATACCTG	11.843504	-2.971604
AGCTCAACAATGAGCG	12.191131	0.08947741
AGCTCAACACGAGGTA	10.353992	-3.013348
AGCTCAACACGGTAGA	10.175493	-1.9397992
AGCTCAAGTAACAAGT	12.979514	-2.2076914
AGCTCAAGTCCAGGTC	11.931451	-2.0270867
AGCTCAAGTGTACATC	10.225187	-2.747948
AGCTTCCAGCTGACCC	12.638853	-2.9372988
AGCTTCCAGTCATGAA	13.817289	-2.6430833
AGCTTCCCAACCTATG	12.202953	0.68009025
AGCTTCCGTTCGCGTG	8.866391	-0.35798615
AGCTTCCTCACTCCGT	12.545076	0.3625953
AGGAAATAGCAGTACG	9.957072	-3.2933216
AGGAAATCAAGCGGAT	12.421132	-3.5108235
AGGAAATGTTATAGAG	14.070808	-0.37280715
AGGAAATGTTATGACC	11.380488	1.3085773
AGGAATAGTGCTTATG	12.033762	1.5821458
AGGAATATCATCCCGT	10.468961	0.6363708
AGGAATATCCTTCTAA	13.665092	-1.4329014
AGGACGAGTATGTCAC	13.090861	-1.7698181
AGGACGAGTTGAATCC	11.051786	0.20987247
AGGACTTTCACACGAT	13.910133	-1.160402
AGGACTTTCTTCGTAT	12.236324	-3.3548188
AGGAGGTAGTCCTGTA	13.644044	0.7391979
AGGATAAAGCTCGTGC	11.207726	-3.0959578
AGGATCTAGACGATAT	9.994975	-2.6275063
AGGATCTCAATTGCAC	12.135736	-1.4125327
AGGCCACCACAGACGA	11.481012	1.0190927
AGGCCACTCCATATGG	11.755382	-3.0751033
AGGCTGCAGCATGCAG	10.945333	-3.7690105
AGGCTGCAGGTCACTT	12.20401	-3.0796003
AGGCTGCGTTGATCGT	12.996311	1.4155884
AGGGAGTAGGTTCCAT	8.870016	-0.34689844
AGGGAGTGTCGTTTCC	13.340931	1.0605057
AGGGCCTCAGCTGGTC	12.341983	-3.2457643
AGGGCCTGTGACAACG	10.442422	-0.73394525
AGGGCCTTCACCGGGT	14.06199	-1.0660006
AGGGCCTTCAGGAGAC	11.935072	-1.9084218
AGGGCCTTCCACTTCG	13.531315	-1.0878721
AGGGCTCCAGCATACT	12.191506	-2.1487021
AGGGCTCTCATGAAAG	11.350974	1.5096524
AGGGTGAAGCGTTGTT	11.877096	-2.8158998
AGGGTGAAGGCCACTC	14.082712	-0.9371974
AGGGTGACACAAGCTT	10.101809	-1.7036989
AGGGTGAGTGCACAAG	12.234953	1.0854236
AGGGTGATCACCGGTG	10.848816	-1.4930013
AGGGTGATCGTCAGAT	10.175584	-1.3347832
AGGGTTTAGAGCTTTC	12.622036	-2.476443
AGGGTTTCAAGGTCAG	11.80742	-1.1845536
AGGGTTTCACAAATGA	11.701332	0.9955369
AGGTAGGCATATGAAG	9.0861	-0.09248923
AGGTCATAGACATAAC	11.766013	0.34873128
AGGTCTAGTATAGGAT	12.24808	-1.1887381
AGGTCTATCTGTTGGA	12.023476	-3.754151
AGGTGTTCAACCACGC	13.554843	-2.261774
AGGTTACCAGGCACTC	12.100156	0.8725287
AGGTTACGTAGCTTGT	11.236097	-1.7734933
AGGTTACGTGGGTCAA	11.496983	0.20965718
AGGTTACTCACCTGTC	12.154914	-3.6083543
AGGTTACTCTGTGCAA	9.4979	-1.5494432
AGGTTGTAGCCACTCG	9.408944	-0.7667766
AGGTTGTCATGTGGCC	11.383916	-2.6905053
AGGTTGTGTCGGAAAC	11.133497	1.326917
AGTAACCCACAGTGTT	9.535574	-1.918577
AGTAACCCAGACCTGC	12.362446	-3.2576528
AGTACCACATCTTTCA	10.131602	-2.6460373
AGTACCAGTACAGCGA	11.867558	-3.2994583
AGTACCATCACGTAGT	14.082973	-1.4751232
AGTACCATCTACCACC	12.1437025	-0.17955671
AGTACCATCTCGAGTA	13.433792	0.13527532
AGTACCATCTTGTGCC	10.63299	-0.13729893
AGTACTGCAGCTTTGA	10.457409	-1.1658944
AGTACTGCATATAGCC	13.053099	-0.37892592
AGTAGCTTCGAGTGAG	13.769548	0.26853144
AGTAGTCGTCCTACGG	11.118258	-4.181997
AGTCAACAGACGATAT	10.5140505	0.12737586
AGTCAACCAAGGGTCA	11.48637	-2.1046627
AGTCAACCAGAATCGG	12.151882	1.5556529
AGTCAACCAGTAGTTC	11.691786	1.0459123
AGTCAACGTAGTTCCA	10.032741	-0.95377094
AGTCAACGTCACAATC	11.217014	-3.7455366
AGTCAACGTCTGCCTT	8.929686	-0.43319762
AGTCAACTCAAAGCCT	11.602192	-3.2965505
AGTCAACTCATTGCCC	10.449451	-1.1980842
AGTCACACAAGCGAGT	10.484827	-2.5286415
AGTCACACACGTTGGC	11.876467	-1.9447967
AGTCACACAGACTGCC	12.20943	-3.690685
AGTCACACAGGTGACA	12.214449	-0.9155645
AGTCACATCTGAGTCA	9.35342	0.08002423
AGTCATGAGAAGCTCG	12.153902	0.039051637
AGTCTCCCAACCTAAC	11.65082	0.36188102
AGTCTCCCAAGAGTAT	12.999276	-2.9798288
AGTCTCCCAGCAGGAT	10.560186	-1.517712
AGTCTCCCAGGTCCGT	12.8585825	1.4798644
AGTCTCCTCACCTTGC	12.182973	-2.545884
AGTCTCCTCTCCTGCA	13.238487	-0.7536632
AGTGATCAGAAGGATG	12.617305	0.9484795
AGTGATCAGGAATGTT	12.852167	-3.257207
AGTGATCTCTTGGCTC	12.106911	0.8052057
AGTGCCGCAACCACGC	10.470735	-2.6022768
AGTGCCGGTTCGGACC	10.895034	-3.1285594
AGTGCCGTCAACTTTC	13.989079	-1.7701681
AGTTAGCCACATGGTT	11.419309	-3.0100977
AGTTCCCCACCGTACG	10.614633	-0.9927708
AGTTCCCTCATCACCC	11.273344	0.5509314
AGTTCCCTCCCTGGTT	13.750108	-0.19976017
AGTTCCCTCCTACAAG	10.125007	-1.2411066
AGTTCGAAGACCGTTT	9.528496	-0.7331743
AGTTCGAAGCCTGAGA	13.577918	-2.3041873
AGTTCGACATGCACTA	12.311641	0.30100343
AGTTCGATCGTGGCGT	12.005548	-1.267263
AGTTCGATCTCATGGA	14.366676	-1.0745672
ATACCGAAGAGAGTTT	12.352126	-3.446651
ATACCGAAGTTGTCAC	13.630748	0.7259008
ATACCGACAAAGTGTA	11.376536	-3.2241788
ATACCGACAAGGCAAC	13.580947	0.60166997
ATACCTTGTAAGGAGA	13.585513	-2.7992635
ATACCTTGTCATCGCG	14.014355	-0.56701446
ATACTTCAGTGAGGCT	10.862552	1.2270343
ATACTTCCACGACAGA	13.633994	0.48812425
ATACTTCTCAAACCCA	11.321328	1.5056864
ATAGACCAGTTGCCTA	10.613996	-4.019332
ATAGACCCAAGTATAG	14.096897	-0.53507996
ATAGACCCAGATCCAT	11.361826	-3.115588
ATAGACCCATGGTGGA	12.3982935	-0.102925226
ATAGACCGTGGCCACT	13.056506	-2.7300236
ATAGACCTCAAGGCTT	12.833559	1.7046359
ATAGACCTCGGACCAC	13.68054	-1.4693882
ATAGAGACACAGCATT	12.680115	-2.3281965
ATAGGCTAGAGAGTGA	10.639681	-1.5337893
ATAGGCTAGGTCGCCT	10.649002	-3.1600306
ATAGGCTCATTGAGGG	12.554866	1.4061191
ATAGGCTGTATGGAAT	11.896862	-1.8804709
ATATCCTAGGTCTGGA	13.134398	-1.8571918
ATATCCTAGTCTGGTT	10.484525	-1.2842977
ATATCCTGTTAGTTCG	9.765396	-1.7787164
ATATCCTTCATCTACT	12.53018	1.283013
ATATCCTTCGCATGAT	11.945182	0.89887357
ATCACAGCACCTCGTT	12.233339	-2.9547598
ATCACAGCACTCCGAG	11.80253	0.45496735
ATCACAGCATGGAGAC	10.036653	-1.1839283
ATCACAGGTTACCTTT	9.460623	-0.65232724
ATCACAGTCGCAGTGC	11.52228	-4.1054997
ATCACGAAGCCTTCTC	14.286108	-1.328433
ATCACGACATCATCTT	13.88534	-2.0146604
ATCACTTAGCCGCACT	13.826312	-3.424093
ATCACTTAGGACACTG	13.390915	-2.494136
ATCACTTAGTCATTGC	10.451583	-3.6228504
ATCACTTGTCCTGTTC	11.487681	-3.0444334
ATCACTTGTTGGGCCT	12.181667	-1.3305188
ATCACTTGTTGGTGTT	13.033515	-2.9633055
ATCAGGTCACTGAGTT	11.8341465	0.99786854
ATCATTCAGATCGGTG	13.954896	-1.5873407
ATCCACCGTTTCACAG	12.501957	-0.41699415
ATCCACCTCTGCGGAC	11.094161	1.0521677
ATCCATTCAAATGATG	9.448554	-0.4433184
ATCCATTGTGAATATG	12.24165	-3.3253458
ATCCCTGAGGGTGGGA	10.531328	0.23095812
ATCCCTGGTGAACGGT	12.01637	-3.0694225
ATCCCTGTCACCTTGC	13.351801	-2.7533934
ATCCGTCAGAGCCGTA	13.717961	0.6651732
ATCCGTCAGGTAAAGG	12.886083	-2.5118473
ATCCGTCAGTACTGTC	10.521321	0.13157348
ATCCGTCGTCAGATTC	10.503787	-1.8585083
ATCCGTCGTCCCGGTA	12.119084	-1.8655701
ATCCTATTCACCTTAT	13.320411	0.9810738
ATCGATGAGCATGCGA	13.517763	0.31940216
ATCGATGTCCATCTGC	11.648068	0.28816038
ATCGCCTTCATCTCTA	13.420619	-1.5587893
ATCGGATGTCTGTGTA	12.140761	-2.747456
ATCGGATTCATAGAGA	11.731444	-0.14803283
ATCGGCGAGAGCCCAA	8.724626	-0.12974668
ATCGTAGCAAGGAGTC	11.052744	1.7329578
ATCGTAGCACAGGATG	10.472404	-4.0328703
ATCGTAGCATCAGTGT	13.8317175	-1.3446236
ATCGTCCCATCCGGTG	11.323333	-2.712455
ATCGTCCGTTATAGCC	11.212266	-4.404753
ATCGTCCTCGCGTCGA	11.073915	-4.078263
ATCGTGACAATCCTAG	10.561543	-1.1803116
ATCGTGATCACAACCA	12.077105	-0.38391092
ATCTCTAAGTATCCTG	9.252826	-1.2132372
ATCTCTAGTATGGGAC	11.376568	-3.2332578
ATCTCTAGTGTGGTCC	12.898032	-2.9691644
ATCTCTATCCCTTGGT	13.830889	0.55708873
ATCTTCACAGAGGGTT	11.111857	-3.6498988
ATCTTCACAGCGTTGC	11.169539	-2.1078699
ATCTTCAGTGGGCTCT	8.99622	-0.47071677
ATGAAAGAGAGAGTTT	11.295822	-3.9690952
ATGAAAGAGTGCACAG	11.579491	-2.7218804
ATGAAAGCACAAACGG	12.148801	1.6365534
ATGAAAGCACATGACT	13.700439	-1.718087
ATGAAAGCAGCTGTTA	13.544699	-1.4948341
ATGAAAGGTCCATAGT	11.171435	-1.4739342
ATGAAAGTCAAGCCTA	12.602667	1.3432479
ATGACCAGTAGGCTCC	13.953066	-1.4548956
ATGACCATCTGTGCAA	10.760521	0.074148275
ATGAGGGAGGCGAAGG	12.934774	-3.574069
ATGAGTCCACGTACAT	12.9651785	-2.7982354
ATGAGTCTCACGATAC	13.740376	0.25827682
ATGATCGAGATGTTGA	12.202169	1.1417834
ATGATCGAGGAGGGTG	12.795418	-3.1216216
ATGATCGTCGGTGTTA	11.177938	-3.7593198
ATGCCTCGTTGCGAAG	12.202985	0.5135651
ATGCCTCTCCCTCTCC	11.361652	-2.4339988
ATGCGATCATGCTGCG	12.777869	1.3115857
ATGCGATTCGATGGAG	11.653908	-1.2662964
ATGGAGGCAGAAATCA	11.898988	-3.2234547
ATGGAGGCAGTTAGAA	11.022117	-1.0510392
ATGGAGGGTATCCTCC	13.183899	-2.6241746
ATGGATCAGAAGCTCG	11.979491	-3.2253325
ATGGATCCACAAGGTG	11.846735	-2.5081902
ATGGGAGAGCTGCCAC	11.738459	-1.0843679
ATGGGAGCAGCACACC	10.8225155	0.5682692
ATGGGAGGTCCGACGT	14.165901	-1.2761899
ATGGGAGGTGACACAG	10.328944	-1.4094282
ATGGGTTAGAGGCGGA	11.955484	1.2893219
ATGGGTTAGTGTACAA	10.8939495	-1.687171
ATGGGTTAGTTTGCTG	8.72264	-0.13151772
ATGGGTTCATACACCA	12.229944	1.2395086
ATGGGTTTCAAATGAG	10.473789	-3.2653997
ATGGTTGAGATCGCCC	11.420394	1.6019853
ATTACCTAGTTGGACG	10.454489	-2.51009
ATTACCTGTGAGATAT	10.49116	-1.3791417
ATTACCTTCGTCGGGT	10.957803	-0.62595665
ATTACTCCAAGTGTCT	12.630252	-1.4041756
ATTACTCGTGTAAATG	13.550403	0.918179
ATTATCCCATGTGGTT	12.318975	-0.8567032
ATTCACTAGCGACCCT	11.232054	1.5631961
ATTCACTTCCATACAG	9.914354	-1.567316
ATTCACTTCCTACGAA	12.8026495	-2.6287477
ATTCACTTCTTCGGAA	12.6601515	0.08065879
ATTCAGGAGTACGTCT	9.661243	-0.8681377
ATTCAGGTCGGCTTGG	12.861934	-1.8688754
ATTCATCTCGCGATCG	13.860189	-2.3844597
ATTCCATTCGTCGGGT	10.286136	-0.77439743
ATTCCCGAGACGTCCC	12.04209	-1.0949093
ATTCCCGAGGGCCTCT	12.610325	-0.6847266
ATTCCCGGTGAGTCAG	12.6647005	-3.7471893
ATTCCTAAGTACGAGC	9.573287	-0.7069221
ATTCCTAGTAGTAAGT	12.591023	-2.8869567
ATTCCTATCGTCGCTT	9.944713	-0.90047556
ATTCGTTAGACATCAA	11.302793	-3.0367172
ATTCGTTAGGGTGGGA	14.3039465	-1.5292941
ATTCGTTGTCGCACGT	12.685488	-2.647824
ATTCGTTTCATGCTAG	12.342554	-0.17259115
ATTCTACAGTTAACGA	12.569857	-2.9005296
ATTCTACCATTCGGGC	10.255684	-3.1257765
ATTCTACGTCTTACAG	9.144526	-0.074029796
ATTGGGTAGATTAGTG	14.329341	-1.383053
ATTGGGTCACTGTGTA	11.226406	-4.386269
ATTGGGTGTTAGAGTA	10.662462	-1.8489997
ATTGTTCCAGGTCTCG	11.972185	-2.1197088
ATTGTTCCATACAGGG	12.744978	-1.5869163
ATTTACCCATATCTCT	10.809517	0.25174078
ATTTACCGTATCAAGA	11.398391	-3.162761
ATTTACCGTATTTCTC	13.288876	-2.2921143
ATTTACCGTCCTGTTC	12.11246	1.6193464
ATTTCACCAATCACGT	10.50825	-1.1282533
ATTTCACTCTGTAAGC	13.019748	-0.5028531
ATTTCTGGTACAAACA	10.396875	-2.7116776
ATTTCTGTCACCTCAC	11.6082535	1.2767961
ATTTCTGTCCTAAACG	12.922919	1.5461571
CAAAGAACATCGATGT	11.819514	-2.3304806
CAAAGAAGTTCAGTAC	10.392603	0.49792767
CAACAACGTCAGACTT	13.504408	-3.5901527
CAACAACTCCCAGGAC	13.363522	0.48392013
CAACAGTCACAATGTC	12.073783	-2.3148973
CAACAGTTCATTGAGC	13.316467	-3.1987886
CAACCAATCTTCGATT	12.259276	-1.339112
CAACCTCGTTAGAAGT	10.266167	0.09639954
CAACGATAGAACTCCT	9.988077	-2.687914
CAACGATAGTACCATC	13.236706	0.9477492
CAACGATGTCGTAATC	10.17129	0.37792352
CAACGGCAGTGGTTAA	11.234121	1.4647036
CAACGGCCACAACGAG	12.141906	-2.4006593
CAACGGCTCGTTAGTG	12.839265	-3.9083934
CAAGACTCAGGACATG	12.224616	0.8199621
CAAGAGGTCCGCATAA	13.713643	0.6739278
CAAGCTACACGATTCA	14.451501	-1.5915235
CAAGCTACATTGGCAT	11.414834	1.7268622
CAAGGGAGTTGGTAGG	11.698993	1.4830192
CAAGGGATCAATCCAG	12.324404	-3.1288846
CAATACGAGAGCTGCA	11.308718	-2.041881
CAATACGGTTTGGGAG	12.299849	-0.23461097
CAATACGTCTTAGCTT	11.31	1.5461895
CAATCGACAAGAGTGC	11.20402	-3.8737245
CAATCGATCTGCGGCA	11.831419	-1.7138385
CAATGACCATGACGTT	11.044078	-4.55138
CAATGACGTGGACCTC	12.736943	0.16186945
CAATGACTCAAGGTGG	10.248501	0.07962277
CAATTTCAGGGTCTTT	12.68102	-2.5740047
CAATTTCGTGATCATC	12.766184	-0.58972377
CACAACAAGTCGCCAC	12.50226	-1.1890765
CACAACAAGTTGTCGT	10.992631	-2.19875
CACAACACAATAACGA	13.348707	0.50461423
CACAACACATCGTCCT	11.189929	-0.980569
CACAACAGTTCATCGA	11.764559	-2.4751236
CACACAAAGGCTTAGG	12.346109	-1.907575
CACACAACAGCCGTCA	11.689614	0.7065378
CACACAAGTCACTCTC	13.082071	-3.3022554
CACAGATAGACCAGAC	10.661551	0.28398547
CACAGATCAATACGCT	9.751692	-1.9701581
CACAGATTCAGAATAG	11.238779	-1.3436539
CACAGGCCAAATTGGA	12.332371	-3.6506855
CACAGGCCACACCTAA	12.662925	-3.0963604
CACAGGCGTGATTAGA	11.346217	1.5505979
CACAGGCTCACCACAA	12.728442	-1.84171
CACATGAAGACCCGCT	11.851356	0.9855285
CACATGAAGCGACTTT	10.033907	-0.9750503
CACCGTTAGAAGTATC	12.731994	-3.3958147
CACCGTTAGAATCCCT	10.635856	0.3356681
CACCGTTCAAGTATAG	13.314821	0.5534046
CACCGTTGTACGAGCA	10.54456	-3.7711387
CACGAATGTGGTCCGT	10.263895	-2.7967465
CACGGGTGTCCTATAG	11.028916	-2.7424846
CACGGGTGTCTGTGAT	13.025535	-1.8538682
CACGGGTTCGTGTCAA	14.01646	0.513339
CACGTGGAGCCTCTGG	10.585116	0.40889496
CACGTGGAGGCGTTGA	11.373924	-3.7092214
CACGTGGCAAGCGCTC	13.299044	0.94142187
CACGTTCAGTCATCCA	13.485987	0.349735
CACGTTCGTGTAACGG	12.403018	-0.12184999
CACGTTCGTTAGGAGC	11.863383	-1.1227907
CACGTTCTCAATCTTC	12.140378	-3.142327
CACTAAGAGTACTGGG	9.803623	-0.32494745
CACTAAGCACAGCCTG	13.533243	-1.3907707
CACTAAGGTGTCCTAA	13.370107	0.7338905
CACTAAGTCGTAGCCG	14.081362	-1.1648858
CACTGAAGTAGGAGTC	13.567717	-2.2672386
CACTGAATCTCCGAAA	10.994146	-4.061938
CACTGGGCAGGCGTTC	13.023066	-3.2001185
CACTGGGTCACCTTAT	10.134276	-2.9056513
CACTGTCGTACAAGTA	14.009077	-1.9064628
CACTGTCTCTCATGGA	9.8020525	-2.3486416
CACTTCGGTCGTGATT	12.208014	-1.2240477
CAGAGCCTCATTTCGT	12.235906	1.1712943
CAGAGCCTCGGCTTGG	12.539782	-2.9154434
CAGATACCATGATCTG	10.014185	-1.8511312
CAGATACGTCCTGAAT	11.740832	0.41353545
CAGATCACAAGCTCTA	13.805442	-1.1531432
CAGATCACATGGTGGA	13.136061	-2.5169535
CAGATCATCCACGTGG	12.701268	0.9148295
CAGATTGAGGATTTGA	12.735457	-1.5345569
CAGATTGAGTGGGAAA	12.513348	-3.6498406
CAGATTGCAAATGGTA	11.974228	-3.1689723
CAGATTGCATCCGGCA	12.511643	-0.96008366
CAGATTGGTAGGTGCA	13.570649	-2.6234756
CAGATTGTCGCGCCAA	11.94044	-2.780712
CAGCAATAGTGGTCAG	13.109915	0.1890029
CAGCAATCACTAGGTT	10.700166	-2.2640321
CAGCAATCAGTGTGCC	12.404437	-2.8950434
CAGCAATGTCTGATAC	13.283772	-2.1549392
CAGCACGCAGACATCT	11.668798	-2.852682
CAGCAGCCACAACGTT	11.579845	-1.7933191
CAGCAGCCATGGATCT	12.242574	-1.4172564
CAGCAGCTCGACGATT	12.05712	0.85622805
CAGCAGCTCTAAGCGT	11.050212	-3.9996078
CAGCCAGCATGCGGTC	11.953191	0.99111384
CAGCCAGGTCCCGTGA	12.666847	-2.2358375
CAGCGTGCAGAGTCAG	11.294086	-1.8764256
CAGCGTGTCGGTGAAG	11.654573	-1.1749572
CAGGCCACACTAGAGG	12.113971	-1.0056307
CAGGCCAGTACCGGCT	9.72792	-1.4350137
CAGGCCAGTCGTGGTC	11.158771	1.3517036
CAGGGCTGTGTGTTTG	12.077585	0.485736
CAGGTATAGGGCAAGG	11.058255	-0.0127601065
CAGGTATTCATCTACT	12.172072	-3.6130855
CAGGTATTCGCAAGAG	12.910676	-3.3265617
CAGGTATTCTGCGAGC	13.560153	-1.4025645
CAGTGCGGTAGGAGTC	13.537727	0.7706683
CAGTGCGTCGGAGATG	9.892146	-0.8145634
CAGTTAGGTATCGCAT	14.161463	-1.1925094
CAGTTCCGTAACATAG	9.662159	-1.9797192
CAGTTCCTCCGCACTT	11.948963	0.38840133
CATAAGCAGTTGCCCG	12.273884	1.1266443
CATAAGCCAATTTCTC	13.908561	-0.64707446
CATAAGCCACGGTGAA	13.578327	-0.67159945
CATAAGCGTGGACAGT	9.580091	-0.4276272
CATACAGAGCTACTAC	10.092239	-2.7305539
CATACAGGTGTATACC	14.204314	-2.200728
CATACCCAGTCACGCC	11.372372	1.4185379
CATACCCCAGCGTATT	12.477835	-2.8080935
CATACCCGTAAGCAAT	10.65984	-0.9988357
CATACCCTCGTTATCT	11.6357155	-1.1522961
CATACTTAGGCCCACT	9.811015	-0.9307807
CATACTTCAAAGCAAT	9.70204	-0.7710326
CATACTTCACAGCCAC	10.44205	-2.5252159
CATACTTGTACTCAAC	14.283087	-0.7172899
CATAGACAGTGAGGCT	12.94596	-2.5452178
CATCAAGCAAAGCAAT	11.350389	-2.1302488
CATCAAGCAAGCCTGC	11.940752	-2.011296
CATCAAGCAGTAGGAC	13.0643	1.1410046
CATCAAGCATCGGAAG	12.5696745	-0.76555794
CATCCACAGTGAGTTA	13.720738	-1.0687952
CATCCACTCATTGGTG	12.533321	1.261083
CATCCACTCCATAGGT	11.986285	-2.183281
CATCCACTCTAGTTCT	10.230511	-2.3607442
CATCCCAAGCGCCATC	10.036793	-2.7595751
CATCCCAAGTTCCAGT	12.965644	-1.6691333
CATCCCAGTAACAAGT	12.636539	0.7756598
CATCCGTAGAATTTGG	9.17545	-0.6605344
CATCCGTAGACCATGG	10.858018	-2.9998307
CATCCGTGTATTGCCA	13.48677	0.51070565
CATCGCTCAAGTTCGT	13.355931	-0.7968101
CATCGCTGTGGTCTGC	13.208964	-0.62004673
CATCGCTTCCAGCTCT	10.508955	-3.1552455
CATCGGGAGTTGCTCA	12.592511	1.2237662
CATCGGGCAGGTACGA	11.174167	-2.1221948
CATCGTCGTCGTCATA	12.054279	-1.1303207
CATCGTCTCCGTCAAA	11.150081	-3.747482
CATGAGTAGTCCCGGT	11.337503	-3.0783627
CATGAGTCAGGACATG	11.890804	-1.1044807
CATGAGTGTACGCGTC	12.386523	1.3378906
CATGAGTGTAGTCTGT	13.608031	-0.85680056
CATGAGTGTCTGTGCG	12.569921	0.15761535
CATGAGTGTTTCGATG	12.917157	-4.0127983
CATGCAAAGTAGAGTT	11.355387	-3.1554117
CATGCCTAGGTACCTT	12.900869	1.2653685
CATGCCTCAAACACCT	12.584627	-0.59926414
CATGCGGGTCACTCAA	12.31799	0.837222
CATGCTCCAAGTTGGG	10.24379	-0.6228789
CATGCTCCATCAGCTA	11.66657	-3.1798127
CATGCTCCATGGTGGA	13.795538	-1.2429701
CATGCTCTCTTCGCTG	10.398868	0.20950067
CATGGATCAGCGACAA	13.247054	0.7854115
CATGGATTCGTAGAGG	13.045139	-2.235747
CATGGTAAGGATCACG	12.240659	-1.1848516
CATGGTAAGTCTTCCC	11.084616	1.0676123
CATGGTAGTAACTAAG	10.033477	-1.3166021
CATGGTATCACCGGTG	10.263089	-2.9039726
CATGGTATCTCCTGTG	9.348391	-0.40458292
CATTCATCATTCTCTA	11.068048	-2.2526617
CATTCATTCTCAGTCC	10.174834	0.0065779365
CATTCCGAGCGAGAAA	13.923171	-1.2866284
CATTCCGCATAATCGC	8.884261	-0.14324985
CATTGAGAGGCATTTC	14.026837	0.3899316
CATTGAGGTCGACTTA	11.887536	-1.9732212
CATTGCCAGTAGTGCG	11.007002	-4.2525525
CATTGTTCAGGTCCCA	12.845997	-2.3225946
CATTGTTGTCGACTGC	13.317727	-2.7022605
CATTTCATCGCGCTGA	12.417151	0.07904523
CCAAGCGAGATACTGA	10.879918	-2.0826929
CCAATGACAATGGCAG	11.299374	1.5116829
CCAATGATCCCGAAAT	13.827285	-0.9009653
CCAATGATCCTTCTTC	12.486227	-3.6526978
CCACAAAGTGATGAAT	11.60411	-0.8170566
CCACAAAGTTATTCCT	12.69814	-3.3481967
CCACACTAGCAGCACA	10.78389	-3.2431087
CCACCATAGATCCAAA	11.777734	-1.617577
CCACCATAGTGGATTA	10.949752	-3.2692597
CCACCATTCGCTATTT	10.285558	0.42379963
CCACGAGAGCAATAGT	9.722269	-2.1025379
CCACGAGCAGTGACCC	10.794844	-0.2509686
CCACGAGGTAATGCTC	13.285839	-2.0941632
CCACGAGTCCGTCCTA	11.741528	0.951031
CCACGTTGTCAATCTG	11.306492	1.1108443
CCACGTTTCCTATTTG	10.564078	-4.1676173
CCACTTGAGACGGATC	13.223546	-1.7904062
CCACTTGGTCTAGGCC	13.052645	-3.2912104
CCACTTGTCGTAGTGT	12.845463	-1.6171199
CCATAAGCAACGTATC	12.119199	1.365177
CCATAAGGTATCGTTG	11.259798	1.5667721
CCATCACAGAGCATTA	11.410639	-0.23318559
CCATCACAGAGTCACG	12.943668	-3.6444879
CCATCACCAATACCCA	14.3140545	-1.1968154
CCATCACCATTGTGCA	13.473589	-0.04741906
CCATCACGTTCTCCAC	12.310483	-2.0155935
CCATCACTCCACACCT	12.562142	0.0760286
CCCAACTAGAAATCCA	13.710504	0.44458425
CCCAACTAGTGGACTG	11.237343	1.4811832
CCCAACTGTCAAATCC	11.806125	-2.423625
CCCAACTGTGAGGATC	11.908203	0.44636646
CCCATTGCAAAGCACG	12.978459	1.6218609
CCCATTGCACAATGCT	9.932147	-3.1657069
CCCATTGTCTCTTAAC	13.73951	0.60248786
CCCATTGTCTGACCCT	11.751044	-2.356431
CCCATTGTCTTCGTAT	14.104436	-1.9438758
CCCGAAGCACTAGTAC	9.917226	-1.0169001
CCCGAAGCACTTGACA	11.288366	0.47501487
CCCGAAGGTGGTCTCG	14.052704	-0.9606489
CCCGAAGTCCGTGGCA	14.030013	-3.1068625
CCCGGAAAGGCGTTAG	12.484607	1.4529927
CCCGGAACACCCTGTT	13.053132	-2.9975271
CCCGGAAGTACGATGG	12.750948	-3.3899891
CCCTCAAAGGCTTCCG	12.377085	-3.5857725
CCCTCAATCCCAGGAC	10.243472	-1.1806544
CCCTGATAGTTGCTGT	14.240428	-0.86340106
CCCTGATCAGCTAACT	12.661409	-3.1332834
CCCTGATCATGTCTAG	12.178	-3.2363336
CCCTTAGCATGACGTT	11.494404	-2.5271451
CCCTTAGTCGCGAAGA	13.427604	-3.1304624
CCGAACGAGGTAAGGA	11.896018	0.9605334
CCGAACGCACAGCTTA	9.972769	-1.0893102
CCGAACGTCAGCCTTC	11.747909	1.2986944
CCGAACGTCCTAGCCT	10.963337	-1.9075003
CCGATCTAGGTACTGG	13.504511	0.57527983
CCGATCTAGTTGCTCA	11.758462	0.43474832
CCGATCTGTGACTAAA	13.034053	-3.347866
CCGATCTTCATTGAGC	9.364489	-0.6513251
CCGATCTTCCACGTGG	12.818061	-3.8144557
CCGATCTTCTGCATGA	13.13206	-2.7652597
CCGATGGAGTCGTTAC	12.996088	0.21516089
CCGATGGGTCATCCCT	11.76053	-3.2453876
CCGATGGGTTGTATGC	11.137814	1.5261439
CCGCAAGTCGCTACGG	12.337896	-3.2070036
CCGGACAGTACTCGCG	12.465025	1.0298691
CCGGGTACAACAAGAT	12.013186	-2.7766593
CCGGTAGAGCCTTTCC	12.589425	-3.4912071
CCGGTAGCATGACTCA	8.841023	-0.18930559
CCGGTAGCATGCAGCC	11.551204	-4.272788
CCGGTAGGTGACAGGT	8.81157	-0.017283158
CCGGTAGGTGATAGAT	10.140041	-3.0027254
CCGGTGAAGGCTAGCA	11.167234	-3.8007495
CCGGTGATCAGGCGAA	11.600376	-3.4579053
CCGTAGGAGATTTGCC	12.192876	1.0979743
CCGTAGGAGTCACTCA	11.710469	-2.779623
CCGTAGGTCGACACTA	10.458216	-1.095081
CCGTAGGTCTCATGCC	14.155611	-1.2686911
CCGTGAGGTATGGTAA	12.415478	-1.8468825
CCGTGAGTCGGACTGC	13.418849	-1.6575488
CCGTTCAAGCGTCAGA	12.2347975	0.9609104
CCGTTCACAGAGTGTG	10.987336	-4.2763205
CCGTTCATCAACCGAT	11.962902	-1.5772469
CCGTTCATCTTCTTCC	8.767794	-0.014056332
CCTAACCTCCACGTGG	14.186628	-1.8153349
CCTAAGACATGCAGGA	11.690075	-3.3328319
CCTAAGAGTCAGGAGT	12.163522	-1.036424
CCTAAGAGTGATATAG	12.096528	0.9936046
CCTAAGATCACATTGG	12.803252	-1.7260965
CCTACGTTCTGAATGC	12.471755	-3.2195754
CCTACGTTCTGTCCCA	11.668756	-2.1779947
CCTATCGCAGCTGTCG	9.980699	-1.5156122
CCTCAACCAGAATTCC	10.09637	-2.4929416
CCTCAACTCAAACCCA	13.442453	0.091605656
CCTCACACAGTTTGGT	11.42795	1.1791768
CCTCAGTCAAGGCCTC	12.275931	-2.5978272
CCTCAGTCACATATGC	12.020667	-2.557617
CCTCATGCAATTCACG	10.778508	-1.5452566
CCTCATGGTGAAGCGT	10.202716	-1.0878775
CCTCATGGTGTCGATT	12.369062	1.140553
CCTCATGGTTAGGGTG	10.394519	0.71665895
CCTCCAAAGAAACTAC	13.728571	-2.8031452
CCTCCAAAGCAGCAGT	11.954273	-3.846887
CCTCCAAAGGGAGGCA	10.997649	-2.2860992
CCTCCAACACACCTGG	13.5677595	-1.1111064
CCTCCAACAGAACCGA	13.063114	-3.0456536
CCTCCTCGTATGCGTT	10.021433	-3.1079078
CCTCCTCGTCGCATTA	9.781645	-2.5698488
CCTCCTCTCGTCCATC	13.501906	-2.2771308
CCTCTAGAGTGCTCGC	8.765426	-0.2968872
CCTCTCCGTCACTCTC	10.782155	-1.0827769
CCTCTCCGTGCCTGAC	12.907679	-3.9185376
CCTCTCCTCAATCGGT	12.105212	-0.35909367
CCTGCATAGCTTGTTG	12.074639	-1.0704896
CCTGCATAGTTCATCG	11.959906	-0.17725325
CCTGCATCAAGTGGGT	8.839758	-0.22090065
CCTGCATGTCGTACTA	12.187789	-3.7601078
CCTGCATTCTAAGGAA	13.0817995	-1.7406987
CCTGCATTCTCGACGG	13.278127	-1.1683356
CCTGTTGAGAGTTGTA	11.352376	-4.0594726
CCTGTTGAGTGATAAC	11.018933	-3.9794002
CCTGTTGTCGGTCAGC	12.550417	-3.0492659
CCTTCAGAGCCTCACG	13.966968	-1.1071986
CCTTCAGCACCATTCC	9.942719	-3.0576115
CCTTGTGAGTAGTCCT	12.985458	0.69223696
CCTTGTGTCTCTGCTG	11.900503	-2.4288971
CCTTTGGAGCAGCACA	12.254804	-1.6123497
CCTTTGGCATGTAACC	13.068096	-1.9681545
CCTTTGGGTACGGCAA	12.553026	-0.12369516
CCTTTGGTCTCCTGTG	11.498119	-0.28704104
CCTTTGGTCTCTGAGA	11.423938	-1.9518024
CCTTTGGTCTGATTCT	13.609968	-2.1282406
CGAAGGACACATCCCT	13.586291	-0.10716861
CGAAGGAGTGTTAACC	11.71987	-2.7380028
CGAAGGATCCCAAGCG	12.904664	-3.4374626
CGAAGTTAGATGCTTC	13.740588	-2.0451677
CGAAGTTAGGTGGGTT	12.797816	0.38140318
CGAAGTTTCTGAGCAT	10.035058	-0.7386529
CGAAGTTTCTTCCAGC	9.600157	-0.95269203
CGAATTGGTAACATAG	13.189067	-3.0588284
CGACAGCCAAGCTCTA	11.739068	0.45954892
CGACAGCCACCCTGAG	9.326273	-0.16204996
CGACAGCGTTATTCCT	10.127144	-0.86077625
CGACAGCGTTGTATGC	14.237982	-1.0146694
CGACAGCTCCTACCAC	11.89548	-2.063263
CGAGAAGCAGTGGCTC	13.373544	0.380841
CGAGAAGGTGAATTGA	13.920731	-3.2247674
CGAGGAAAGGTAGACC	10.346801	-0.83086985
CGAGGAACAAATGGTA	10.981444	-3.6345942
CGAGGAACAGCCTTCT	14.128203	-1.3716272
CGAGGAAGTTCTGACA	11.192798	-3.649223
CGAGGCTCACCTCTGT	13.471603	0.46888718
CGAGGCTTCTATGCCC	9.856608	-0.8602766
CGAGTGCGTGTTCGAT	8.79945	-0.36997384
CGAGTGCTCATGCCCT	14.034116	-1.3028911
CGAGTGCTCGGCTTCT	13.737682	-3.0614336
CGAGTTACAGTTGCGC	11.307779	1.753982
CGAGTTATCCAACCAA	12.706939	0.8920288
CGAGTTATCGGAACTT	11.820322	1.5113155
CGATCGGAGTCCTGCG	11.555785	-2.2090752
CGATCGGCAATGTGGG	12.390989	-2.882879
CGATCGGGTTACCCAA	12.554808	-1.7047051
CGATCGGTCCACTGGG	11.666421	-1.2361914
CGATGCGCACGGTGCT	12.840031	1.3461642
CGATGCGGTACGGCAA	10.467603	0.40329632
CGATGCGGTAGGATAT	11.040668	-3.659471
CGATGGCAGGTCATTC	11.917207	1.5067953
CGATGGCCAGTTAAAG	12.016169	-3.0664823
CGATGGCGTGACATCT	9.278718	-0.6584196
CGATGGCGTGCTGTCG	12.292298	1.3701601
CGCAGGTAGTATAGAC	11.1683445	1.0732142
CGCAGGTCAAGTGCAG	11.775634	1.0189707
CGCATAAAGCTACAAA	10.232232	-2.9878285
CGCATAACAGCCGGTT	12.707895	-3.532993
CGCATAACATAGAGGC	8.861699	-0.26010653
CGCATAAGTAGCCCTG	9.690418	-1.8578018
CGCATAATCAAGAATG	10.234916	-0.07331112
CGCATGGAGCTGAAGC	11.911101	-0.09107679
CGCATGGTCTCATTAC	10.563379	-3.418275
CGCCAGACACGGCACT	12.785108	1.1096069
CGCCAGATCCTACGGG	11.588096	-1.3254535
CGCGTGAAGAGTCTGG	12.047225	-0.31848088
CGCGTGAAGGGTGGGA	10.19565	-2.6503024
CGCGTGAGTTGGGTAG	14.356125	-0.71913147
CGCGTGATCAATGTCG	12.871316	-2.9025311
CGGAACCGTGGATGAC	13.7773075	-1.7269157
CGGAATTAGACTCATC	10.419061	-3.0477412
CGGAATTAGGTAAGTT	12.1448555	0.8886997
CGGAATTGTGAGGAAA	12.428612	0.63186914
CGGAATTTCGTTGCCT	12.477218	0.6561033
CGGAATTTCTGATTCT	9.889237	-3.0701318
CGGACACCACGATAGG	12.235352	-3.34814
CGGACACCATCCTATT	12.74552	-3.328608
CGGACACGTACAGTAA	11.998527	-3.8899152
CGGACACTCTTGCAGA	10.159517	-2.8256037
CGGAGAAAGGAGGTTC	12.069255	0.6655982
CGGAGAAAGGCACTAG	11.952422	-0.81695867
CGGAGAAAGTGGATTA	10.408221	0.24777742
CGGAGAAGTACACTCA	10.12579	-0.9367031
CGGAGAAGTCAAACGG	13.966105	0.65608925
CGGAGAAGTTCTCCCA	12.434381	-1.045849
CGGCAGTGTGACAGGT	9.13984	-0.098621406
CGGCAGTGTGTTCATG	12.140636	-1.9355489
CGGCAGTTCTACCTTA	12.284773	0.035403937
CGGCAGTTCTTTCTAG	12.654326	-2.1165266
CGGGACTAGACTCGAG	11.800721	-0.48459455
CGGGACTCATATGAAG	13.284741	-2.6318538
CGGGACTTCCCTCTCC	10.591016	-0.84212244
CGGGACTTCCTACGGG	11.327385	-4.1256275
CGGGACTTCCTGATAG	12.543913	-1.922883
CGGGCATAGCTCTATG	12.126744	-3.6638596
CGGGCATGTGGCTGAA	12.124979	0.2894421
CGGGCATGTTGCTGAT	11.23093	1.611878
CGGGTGTTCTCCGAAA	14.086542	0.47831863
CGGTCAGTCACATTGG	9.823266	-2.0100584
CGTAAGTAGAGTTGAT	11.197455	-2.2131662
CGTAAGTCAGTCCCGA	11.600996	1.2824757
CGTAATGAGACTTCAC	12.428073	-1.0989622
CGTAGTAAGCCTCATA	12.304873	1.1752119
CGTAGTAAGGAGGCAG	9.978832	-0.86162317
CGTAGTAAGTGGACGT	12.99347	-3.7391946
CGTAGTACATACAGCT	12.380847	0.1808596
CGTAGTAGTAGGGTAC	11.932751	-3.3388596
CGTCAAACAAGTGATA	13.256811	0.40681708
CGTCCATGTGAGATTA	12.692164	-2.4135194
CGTCCATGTTCAATCG	12.299903	-1.1217111
CGTGAATTCTCCGAAA	13.683393	0.06944275
CGTGATAAGAGTTGTA	13.356923	-2.3834162
CGTGATAAGGGACAGG	11.332836	-0.14881676
CGTGATAGTATCCTCC	12.137733	-1.4465364
CGTGATATCTCTCAAT	11.186912	-3.731104
CGTGCTTAGGTTAAAC	12.295383	-1.9148568
CGTGCTTCACTGAATC	9.546671	-1.357029
CGTGTCTCAGTTGTTG	14.250655	-1.4865723
CGTGTCTTCCGGACGT	12.011148	-0.12818354
CGTTAGATCAGCATTG	10.963994	-2.256288
CGTTCTGAGGGCCCTT	12.839967	-1.7234166
CGTTCTGAGTTAACGA	14.004527	-1.1126964
CGTTCTGCAACGCCCA	12.17347	0.5282055
CGTTCTGCAGTTGCGC	12.99966	-3.8791273
CGTTCTGTCGTTGTAG	12.985545	-3.2411609
CGTTGGGAGAGAACCC	10.166563	-1.432977
CGTTGGGCATCTATCT	12.110639	-4.060783
CGTTGGGGTTCCCACT	14.134024	-1.5782397
CTAACTTAGAGCATAT	12.465396	-0.34398177
CTAACTTAGTGATCGG	11.681721	-2.6002312
CTAACTTGTCTTCCGT	12.576859	-2.170485
CTAACTTTCTGGGAGA	14.478688	-1.132727
CTAAGTGCACTACAGT	12.8084	1.2393715
CTAAGTGGTCCTACGG	12.5522585	1.2038025
CTAAGTGGTTTCCAAG	12.291507	1.7660755
CTACAGACATTACTCT	11.329256	-2.3845289
CTACAGAGTCAGACTT	11.177462	-1.9766217
CTACATTCATCTCCCA	13.730432	-2.992439
CTACATTGTGCCTATA	9.916747	-2.5579143
CTACATTGTTCTCCTG	11.575984	-3.4855738
CTACCCAAGTAATTGG	10.906042	0.16101934
CTACCCACACTCTAGA	12.319092	-2.784513
CTACCCAGTCGGTGTC	10.601313	-3.0200844
CTACCCAGTCTTTCTA	12.044651	0.15875138
CTACCCATCTTACACT	13.299673	-3.1415188
CTACCTGTCACAAGAA	11.210181	1.6060117
CTACCTGTCTTTGGAG	12.866232	0.84106886
CTACGGGCAGGAACCA	13.546186	0.85607207
CTACGGGGTTTGAAAG	10.578673	0.55998313
CTACGGGTCCGTTGAA	13.860079	-3.3290231
CTACGGGTCGCTCTAC	12.973893	0.9190378
CTACTATCACTGAGTT	12.615009	-3.3940148
CTACTATTCTTCACAT	10.56137	0.4964025
CTAGACAAGGAAGTGA	9.749876	-1.9534253
CTAGACAAGGCTGTAG	12.704911	0.7902986
CTAGACACAAAGGGCT	12.309895	-0.9702006
CTAGACAGTATCACGT	13.218249	0.52659154
CTAGACATCTGGCCGA	13.605004	0.42693007
CTAGGTATCGATTGGT	10.566039	0.3736549
CTATAGGCAGTGTGGA	13.768072	-2.865416
CTATAGGTCCCATTTA	10.81553	0.04675722
CTATCTACAATCGAAA	10.740637	-3.0683005
CTCAACCTCGAAGCAG	12.24911	1.54418
CTCAAGACATAGGAGC	11.5610075	-2.4017487
CTCAATTAGCAAGTGC	10.300396	-1.329713
CTCAATTAGGTTTGAA	10.16435	-1.0093431
CTCAATTGTATTGGCT	10.33652	-1.2237964
CTCAATTGTGAGCAGT	11.875868	-2.0439327
CTCACTGAGGAGATAG	13.677954	-3.2141385
CTCACTGAGGGTACGT	11.331253	0.009587946
CTCACTGGTACCTTCC	12.24282	1.191455
CTCACTGTCAATCCGA	13.976741	-0.49685195
CTCACTGTCATGAAAG	13.0438175	-2.4873025
CTCACTGTCGCCAATA	12.5466585	-3.1320422
CTCAGAAAGGTAATCA	10.154418	0.23472774
CTCAGGGAGGAAAGTG	13.339906	-2.1222208
CTCAGGGAGGATGTTA	8.995879	-0.20425577
CTCAGGGGTCAGTCCG	11.396236	-1.0168688
CTCAGTCTCGAAGGAC	12.430647	1.5908395
CTCATGCCACGGTAGA	10.080056	-2.5049872
CTCATGCCATGACAAA	11.774338	-3.3378735
CTCATGCGTATGTCCA	11.245761	-0.89023125
CTCATGCGTGTCACAT	11.440375	1.6725569
CTCATGCTCCTTATCA	9.885689	-2.131726
CTCCACAAGTATGAAC	9.670386	-1.8727952
CTCCACATCATGGTAC	11.555179	-1.4445423
CTCCATGAGAATCGCG	12.699936	-2.6780164
CTCCATGAGTCTCTGA	9.607134	-2.0077155
CTCCATGGTCAGCGTC	14.369856	-1.3750199
CTCCATGTCTCACCCA	10.041604	-1.2156879
CTCCCAAAGAAGTCTA	12.982017	-2.7926097
CTCCCTCTCCCGTGAG	11.654279	1.6815928
CTCCGATAGTAAACAC	12.226282	-3.115289
CTCCTCCTCTGTGCTC	13.881557	-1.3475726
CTCCTTTCACTTGAGT	12.952156	-2.0858624
CTCCTTTGTACCAATC	10.426796	-3.5641398
CTCGAGGCAATAACGA	12.471217	-1.3746843
CTCGAGGGTATGGAGC	10.833567	0.32426414
CTCGAGGGTTGGCCTG	9.987844	-2.6529803
CTCGAGGTCGATACGT	11.098692	1.6799226
CTCTCAGGTACTCGAT	12.244445	-2.0062346
CTCTCAGGTGTTGACT	8.752363	-0.26438385
CTCTCAGTCGAGATGG	12.654846	-3.5378573
CTCTCAGTCGTCGACG	10.855164	-3.845423
CTCTCGAAGGTCATAA	13.629641	0.48239446
CTCTCGAGTGATTCAC	13.347566	-0.8869101
CTCTGGTAGAGTCCGA	12.858905	-3.295952
CTCTGGTAGTTGGACG	11.617959	-2.6055517
CTCTGGTGTAGAGGAA	11.9489	1.288291
CTCTGGTGTATCACCA	13.294191	-3.2586508
CTCTGGTTCCGCCTAT	12.884309	0.6467986
CTGAATGAGGAGAATG	10.368451	-1.421633
CTGAATGAGGGTTAGC	11.917522	1.6551672
CTGAATGCACGTTCGG	9.176465	-0.3079613
CTGAGCGAGGCACTCC	12.274801	-0.96102554
CTGAGCGCAACTTCTT	10.299865	-2.8413801
CTGAGGCAGGTACAAT	12.35533	1.128064
CTGAGGCGTTGCTCCT	10.60578	-0.6489482
CTGAGGCTCCTTTGAT	12.3370495	-3.7909083
CTGAGGCTCTACACTT	9.888395	-0.5094333
CTGATCCAGGCGATAC	10.970925	1.5804878
CTGATCCAGGCTAGCA	10.364965	-0.91276115
CTGATCCTCGCAGATT	12.313498	0.80378
CTGATCCTCTTTCTAG	12.405242	-1.9535615
CTGCAGGGTACTCCGG	11.420504	-4.1418695
CTGCAGGGTAGGGTAC	11.26221	-4.2154737
CTGCATCAGGGCTGAT	10.870934	-4.197406
CTGCATCAGGTAACTA	10.868913	-4.016834
CTGCCATAGTCGTTAC	11.841947	-1.1116428
CTGCCATCAATCGCGC	12.379262	-1.3063372
CTGCCATTCCTCTTTC	11.794968	-2.1051939
CTGCCTAAGCCTCTTC	13.963655	-2.8639553
CTGCCTAGTAGTGTGG	10.057539	-1.7745029
CTGCCTATCGTAGAGG	14.093313	-1.6310126
CTGCGAGAGAGCTGCA	13.685169	0.80221534
CTGCGAGCATGAAAGT	13.866026	-2.9400668
CTGCGAGGTAGGTAGC	14.003446	-2.2336357
CTGGACGAGGTGGGTT	11.720082	-2.4885998
CTGGACGTCAAGTCTG	12.457862	-2.2371268
CTGGCAGAGAGTGTGC	12.347244	0.7783449
CTGGCAGAGCTACAAA	13.100341	-2.348772
CTGGTCTCACAAGCAG	12.530893	-3.407351
CTGTACCTCTTACGGA	13.419143	1.1833491
CTGTAGAAGCTGCCTG	13.659417	-1.739391
CTGTAGATCAAGCCAT	12.227239	-0.8916492
CTGTATTAGAAACCAT	11.274578	1.0694505
CTGTATTTCGTCAACA	12.402597	1.4117346
CTGTCGTAGCCTCATA	10.989943	-4.269478
CTGTCGTCAACTTGGT	9.732842	-2.2664654
CTGTCGTCAAGGCCTC	11.796685	-1.4067504
CTGTCGTTCCAACACA	12.847209	0.5851759
CTGTGAAAGCGACTAG	13.993701	-1.5353277
CTGTGAACACACCGCA	13.750292	-0.8337865
CTGTGAATCTGACCCT	13.8263035	0.69605297
CTGTGGGAGGGTCACA	11.037697	-1.272645
CTGTGGGCACAGAAGC	12.819684	-3.1903944
CTTACCGGTCACTCAA	11.834644	-3.2044485
CTTAGGATCGGAATTC	10.996777	-1.9676886
CTTCAATGTGCCGTTG	12.550382	-1.1830273
CTTCAATTCCCATAAG	10.183304	-0.6122854
CTTCCTTCAACGGCCT	12.10435	-3.656869
CTTCCTTGTCTACTGA	11.510357	0.9760076
CTTCCTTTCTCATTAC	9.533595	-0.7550075
CTTCGGTGTCGTCAGC	12.7505865	-3.4951818
CTTCGGTTCATCGGGC	12.355377	0.798181
CTTCTAAAGGACATCG	10.790681	0.44647008
CTTCTAAGTGCATTAC	13.115555	-3.7392862
CTTCTAATCCGGGACT	10.020003	-1.1926361
CTTCTCTAGCCGTCGT	12.920424	1.4795368
CTTCTCTAGTGAATAC	12.366757	-3.9187934
CTTCTCTAGTGTACCT	13.622249	0.52791697
CTTCTCTCACAATCTG	11.275539	-3.9001107
CTTCTCTGTCAAACGG	14.294457	-1.4883003
CTTGAGAAGCTAGATA	11.162999	1.3670455
CTTGAGACAAAGGAGA	10.264039	-1.3575337
CTTGAGAGTAGGTTTC	14.009986	-0.9793257
CTTGAGATCATCTGTT	10.348259	0.11510193
CTTTCAAAGAGGTTTA	12.02896	1.0397092
CTTTCAAAGCAGAAAG	11.247505	-2.8481925
CTTTCAAAGGTCACTT	11.442656	-2.709732
CTTTCAACAGGAGGTT	12.484531	-1.1702139
CTTTCAACATATCTCT	13.819368	-2.7307656
CTTTCAAGTCTATGAC	12.502104	-3.4950745
CTTTCGGAGCGATTCT	10.523428	0.08096701
CTTTCGGAGGGTGGGA	11.861708	0.90969086
CTTTCGGCAAAGTATG	13.509584	-2.6881588
CTTTCGGGTCACTCGG	12.397119	-0.8547666
CTTTCGGGTGCGAGTA	13.8998785	-1.1160302
GAAACCTAGAAGGTAG	12.627181	1.6327536
GAAACCTAGGGACACT	11.318634	-1.1592475
GAAACCTCACCAGGTC	12.595484	0.29903337
GAAATGACAACAGTGG	13.108994	-2.9731627
GAAATGATCTCGAACA	11.21631	-3.6721573
GAACACTGTAGAAACT	12.343965	-3.1841905
GAACACTGTCTGTGTA	12.037631	-1.1601781
GAACACTGTGATGAAT	12.081639	1.2425517
GAACACTTCGAGATGG	12.062479	-0.060334593
GAACGTTAGATTACCC	10.335611	-2.4257505
GAACGTTCACACGGAA	8.706673	-0.10800731
GAACGTTCACTGCGAC	8.962062	-0.07378304
GAACGTTTCGTGCATA	11.590084	-2.054505
GAACTGTAGTTCCAGT	11.333554	-0.29743272
GAACTGTCAAGGTCGA	12.586948	-1.5736164
GAAGAATAGCGGATCA	12.699758	-0.34652984
GAAGAATAGGTTAGTA	12.657467	-3.0010412
GAAGAATGTGTAGTGG	8.933184	-0.049638834
GAAGAATTCAATGTCG	13.286809	-0.10435164
GAAGAATTCCCGTTGT	12.583658	-2.8663857
GAAGCCCAGCCTTTGA	12.211976	-0.9887019
GAAGCCCCAATTGAAG	13.1034775	-3.3877754
GAAGCGAAGAAGTCAT	9.81174	-1.4847479
GAAGCGAAGATGAATC	13.846482	0.27617532
GAAGCGAAGTATTCCG	10.790068	-2.424124
GAAGCGACATCTCCCA	13.361962	0.3965749
GAAGCGACATGAATCC	12.711845	-3.0428088
GAAGCGAGTAGCTGAG	12.017202	-3.532137
GAAGGACAGAGGGTCT	11.318845	0.37713
GAAGGACGTGAGTGAC	13.472054	0.42409796
GAAGGACGTTATAGAG	11.873027	0.9207193
GAAGGACTCTAGGCCG	12.2279415	1.612578
GAAGGGTCATGCACTA	12.645779	-2.9717116
GAAGTAAAGAATTCAG	9.734657	-0.46852866
GAAGTAACAATCGTCA	12.78919	-1.550232
GAAGTAACAGTTGCGC	9.10236	-0.34976497
GAAGTAAGTGAATGAT	9.657473	-1.6765537
GAATAGAAGACCAAAT	11.981292	-0.18504666
GAATAGACACTCACTC	12.352821	-0.25012928
GAATCACAGTTAACGA	11.7878685	-3.2191124
GAATCACGTATTAAGG	11.919348	0.37131187
GAATCACTCTATGCCC	9.980342	-1.8798664
GAATCGTCATGAATCC	11.756718	-3.4521084
GAATCGTTCGGTTGTA	11.08629	-2.1015704
GAATCGTTCTCCCATG	9.874432	-3.154899
GACACGCCAGGTCAAG	10.664405	0.3927251
GACACGCGTACGAGTG	10.8399105	1.1661866
GACACGCTCTACAGGT	12.972671	-2.4905236
GACACGCTCTTCCCGA	10.672713	0.28567243
GACATCACAGGATCTT	12.65823	1.6729482
GACATCAGTAACTTCG	14.126315	-1.3058591
GACCAATCACTTGGGC	11.086609	0.39741355
GACCAATCATCTGTTT	13.767776	-1.7262479
GACCCAGAGGGAGGTG	13.841632	-3.1167476
GACCCTTAGATGGTAT	13.696071	-0.7362363
GACCCTTCAACCACGC	13.798818	-3.4989293
GACCCTTTCAAATAGG	12.770341	1.6768435
GACCGTGTCGTGGGTC	10.335913	-0.40584162
GACCTTCTCTTGGAAC	8.738819	-0.0521042
GACGCTGCACCATAAC	12.875524	-3.827823
GACGCTGCACCCGTAG	12.669454	-1.32483
GACGCTGTCGGAATGG	12.872134	-3.270974
GACGTTAAGCGTTAGG	13.519163	-2.5769782
GACTCAAAGACGCTCC	9.435408	-1.6825292
GACTCAACATAACAGA	11.821845	-2.9481869
GACTCAAGTTGGACTT	13.342419	-2.9225538
GACTCAAGTTGTGTAC	13.353691	-0.8913915
GACTCTCAGACAACTA	11.890103	-1.0298904
GACTCTCAGACATGCG	12.349061	0.7755197
GACTCTCAGTACCGGA	11.630084	0.9785458
GACTGATAGGTGGTTG	11.95174	1.2782358
GACTGATAGTGCCAGA	11.04688	-4.285919
GACTGATCACCCAAGC	14.166166	-0.49922052
GACTGATCAGAAGTTA	11.39611	1.6238316
GACTGATGTTCTTGTT	13.430763	-3.705285
GACTTCCCAAGCAGGT	11.635208	-1.2099944
GACTTCCGTACAAGCG	10.127768	-0.8428554
GAGAAATAGGTAAGGA	12.102875	1.8324572
GAGAAATCACCCATAA	10.798966	-0.97362566
GAGAAATCATGTGGTT	12.046741	-0.9171663
GAGAAATTCGTAACCA	12.742354	-0.7485779
GAGACCCAGCTTCATG	11.677279	-3.247446
GAGACTTCAGCGCGTT	12.626523	-2.5101285
GAGACTTTCACCCTGT	13.773576	-0.6420168
GAGAGGTCAAGAGAGA	10.886328	-4.0352907
GAGAGGTCACCAGGTC	10.053334	-3.1549883
GAGATGGAGCGGGTTA	11.004404	-1.6281046
GAGATGGTCCATATGG	10.099326	-2.8411477
GAGCCTGCAATGGCCC	10.192246	-0.13123076
GAGCTGCAGCCAGTAG	12.496387	-2.766315
GAGCTGCAGTTGGCGA	8.916276	-0.56628954
GAGCTGCCAAGGGTCA	10.515773	-0.6812075
GAGCTGCCAGAGGCAT	14.026195	-0.18819965
GAGCTGCCATCATCCC	13.277918	-2.475656
GAGCTGCGTACCAGAG	10.644274	-2.259423
GAGCTGCGTCCTTGTC	12.774899	0.9839548
GAGGCAACAGGAATAT	12.215313	1.2198584
GAGGCAACATTGGGAG	11.558303	-2.7406762
GAGGCAAGTCCACAGC	12.579628	-1.7992213
GAGGCAATCCTTCTAA	9.450885	-0.22397226
GAGGCCTTCCCTCTCC	13.434859	-1.4125851
GAGGCCTTCTGGGCGT	10.139562	-2.8583243
GAGGGATCAATCGTCA	12.309432	-1.3369522
GAGGGATCATTCCTAT	12.380156	-1.017758
GAGGGATGTTGTGTTG	12.604761	-3.8431947
GAGGGTAAGGAAGTAG	10.408043	0.5779513
GAGGGTAAGGATTTGA	13.208895	-0.84085244
GAGTCATGTTGAGGAC	9.834287	-1.4719412
GAGTCATTCGAGCTGC	14.112569	-0.95249146
GAGTCTAGTTCCCACT	12.5366335	1.35176
GAGTCTAGTTCGATTG	10.144879	0.5334429
GAGTGAGGTCCTTAAG	12.66821	-3.8369088
GAGTGAGGTCGGAAAC	13.865864	-2.9111822
GAGTGAGTCTCGTCGT	12.747043	1.382041
GAGTGTTGTATGGTTC	14.046033	-1.9134709
GAGTGTTTCCAATCTT	11.825372	-4.002719
GAGTTACTCAGTGATC	11.138891	-2.0869906
GAGTTACTCGCAGTGC	12.0834055	-0.88759166
GAGTTGTAGAAGCCTG	13.058361	-3.8840919
GAGTTGTAGAGAGGGC	12.428657	-1.9608026
GAGTTGTAGGTCGACA	12.251342	-2.958407
GAGTTGTCAGACCCGT	13.7005	-0.9474873
GAGTTGTCAGCGACAA	12.59757	-2.0751019
GAGTTGTGTGAATTAG	11.789816	-3.9475157
GATAGAAGTAAGCTCT	11.160488	1.5742924
GATAGCTAGGGAGGAC	11.746312	-3.9459054
GATAGCTGTGACAGGT	12.408448	1.5335966
GATAGCTTCACCCATC	12.659333	-2.3230503
GATAGCTTCAGAGCGA	11.378573	-2.1088436
GATCACAGTAGAGCTG	12.750783	0.84889305
GATCACAGTAGTAAGT	9.78503	0.28378862
GATCACAGTCGATGCC	12.636223	-3.3083177
GATCAGTAGATAACGT	12.500754	-1.926388
GATCAGTAGGTCTTTG	11.764059	-1.1783321
GATCAGTCACTGCGAC	13.315572	-3.682031
GATCATGCATGAGGGT	12.106559	1.4689797
GATCATGCATTCAGGT	12.7237215	1.2293224
GATCATGGTACAGAAT	12.779338	-2.2615323
GATCATGTCAGCCCAG	11.649076	-3.4214406
GATCCCTAGCAAATCA	12.631153	-2.7064626
GATCCCTCAGCGGTTC	11.148651	-2.0509806
GATCGTATCATTCACT	11.915703	1.3817991
GATGACTAGCTAAGTA	12.342091	-0.05038975
GATGAGGAGGCTCACC	11.870898	-2.0487669
GATGAGGGTGGATGAC	10.587174	-0.43745092
GATGAGGGTTGCTCCT	9.903914	-1.0753889
GATGATCGTAGGGTAC	14.256987	-0.9591443
GATGATCGTGATGTAA	8.803975	-0.12042789
GATGATCGTTACGATC	11.786123	0.7233439
GATGATCTCCTAACAG	13.965247	-0.65014666
GATGGAGAGGAAGTAG	14.306597	-0.9765536
GATGGAGAGTGTTCCA	13.717505	-1.0084089
GATGGAGGTATGAAGT	10.515675	-2.933948
GATGTTGGTTGTAGCT	13.756205	-3.453242
GATTCGACACAATCTG	11.074116	-4.002383
GATTCGACAGGAACCA	14.173198	-1.9181613
GATTCGAGTTTCACTT	13.869567	0.8759006
GATTCTTCAGTGTACT	9.602673	-1.716051
GATTCTTCATACAGAA	12.466409	0.798396
GATTCTTTCTCAATCT	12.34623	-1.5149004
GATTGGTAGTGAGTGC	11.568936	0.8685886
GATTGGTTCACTGATG	12.734039	-3.124409
GATTGGTTCGTTCATT	11.698106	-2.8311706
GATTTCTAGACTGGGT	9.65618	-2.4234438
GATTTCTTCGACCATA	11.0299015	-4.1383452
GCAACATAGAAGTCCG	12.360214	1.4419924
GCAACATCAAATGGCG	12.915227	-3.0058718
GCAACATGTTGATCGT	12.6066	-3.437541
GCAACATTCACAACCA	8.690678	-0.05826581
GCAACCGAGCCATATC	12.493114	-2.3312445
GCAACCGAGTCCCAAT	10.039302	-1.6035222
GCAACCGCACAAGTGG	12.979318	-0.80590904
GCAACCGCATGACCCG	11.183297	1.7375228
GCACATAAGTCTGGTT	12.242018	-1.1340016
GCACATAGTGACTAAA	12.424419	1.4864999
GCACATATCCGGGACT	11.213149	1.3182064
GCACGGTGTACCCAGC	11.327463	1.2114867
GCACGGTGTCGAGCTC	13.674755	-2.497634
GCACGGTGTGCGAACA	12.085046	1.6482735
GCACGGTTCTCCTGTG	12.110116	-0.081384726
GCACGTGAGAGCTGCA	10.200211	-2.8439124
GCACGTGCATAGAAAC	13.176776	-2.9209418
GCACGTGTCTAACGCA	12.023408	1.28413
GCACTAAAGATTGATG	11.914815	-2.8888085
GCACTAAGTCGTACAT	11.347443	-2.6434195
GCACTAAGTTATGTCG	11.288323	-3.9757702
GCAGCCAAGTGAGGTC	12.622447	0.9668749
GCAGCCACAATTGCGT	11.90924	-0.9573602
GCAGCCAGTACGCTTA	12.249583	-2.7627587
GCAGCCAGTCAAGCGA	12.305865	1.1409522
GCAGCCAGTCGCGGTT	10.114101	-2.8693807
GCAGCCATCCTACCAC	11.375946	-4.1994987
GCAGCCATCGACATCA	12.996518	0.88720256
GCAGCTGGTACAAGCG	11.205637	-3.62864
GCAGCTGTCAGCGCAC	13.247886	-3.4055603
GCAGTTATCCCAGTGG	11.055271	-3.7364333
GCATCGGAGTCAGAGC	12.0801735	-1.2956636
GCATCTCAGTGCAACG	12.372054	1.7860435
GCATCTCGTCTTCCGT	8.701779	0.0166338
GCATGATCATGGTGGA	12.370647	-3.5785897
GCATGATGTACAGAGC	8.949328	-0.93986464
GCATTAGAGCACTGGA	12.21611	-1.9060256
GCATTAGAGGCATTTC	10.510206	-3.862628
GCATTAGCAGACACCC	10.908811	-0.47755584
GCATTAGCAGCTAACT	9.7197075	-1.7379463
GCCAACGAGCGTGCCT	11.670454	-3.0765703
GCCAACGAGTCTTGGT	13.793358	-0.77886283
GCCAACGAGTTTCGAC	12.552002	-3.3059704
GCCAACGCAAGCGCTC	10.508839	0.4489834
GCCAACGCAGGGAATC	12.962999	-2.9150627
GCCAACGGTTGTTGTG	8.870813	-0.40203992
GCCAGCATCGTTACCC	12.688666	-3.5205245
GCCAGGTCAACTCCCT	14.133864	-1.0654597
GCCAGGTGTCCTACAA	10.622848	-3.2135556
GCCAGGTGTCGTATTG	12.375116	-3.6988919
GCCAGTGAGTATCCTG	13.694706	-0.0262066
GCCATGGCAATAGGAT	12.755328	1.7388724
GCCATGGGTGAGTTTC	11.844459	0.65642875
GCCATGGTCTGCCTGT	10.802577	-2.301876
GCCATTCCAGTTAGGG	13.095341	-2.4605908
GCCATTCGTATAGCTC	9.904597	-3.0712988
GCCCAGAAGGCCCGTT	12.1927395	-1.5523608
GCCCAGACAACCGATT	11.284574	0.77742785
GCCCAGACAGCAATTC	11.423215	-2.610328
GCCCAGAGTTCCGGTG	13.21119	-2.7229338
GCCCGAAAGCAATAGT	12.922544	-0.30795625
GCCCGAACAGTGTATC	13.13468	-1.9083989
GCCCGAACATCCGTGG	10.241842	-2.6639657
GCCGATGCAGAACGCA	13.966064	-2.779778
GCCGATGGTACTGAGG	12.857176	-3.2538228
GCCGATGGTGCTATTG	10.2945595	-3.6399405
GCCGTGACAATAGAGT	12.989047	-3.4615772
GCGAGAAAGAGTCACG	13.418501	-2.487611
GCGAGAAAGATGTTGA	11.73488	-2.5571003
GCGAGAACATAAGCGG	12.832909	-1.7062422
GCGAGAAGTTCTTGTT	11.541696	0.77641386
GCGAGAATCGCTACAA	14.083849	-2.3942506
GCGATCGAGAGGGTGG	11.895877	-1.9986761
GCGATCGCAGTTACCA	12.839636	-3.3525405
GCGATCGGTGACCGAA	13.552201	0.75679094
GCGATCGTCTCGAACA	12.244893	0.5244981
GCGGAAAGTTAGGGAC	10.06975	0.11626487
GCGGAAATCGAGTGGA	13.065125	0.30563098
GCGGATCAGACCGTTT	13.095797	-3.194709
GCGGATCTCGGCACTG	13.944656	-0.8529995
GCGTGCATCAACGTGT	14.067551	-0.56229764
GCGTTTCAGGTACAGC	11.093537	-4.154615
GCGTTTCCACCTGCAG	12.834623	-3.1188943
GCGTTTCCAGAGCCCT	11.768777	-2.3652568
GCTACAAAGTGAGCCA	13.174846	-1.8956448
GCTACAATCCGCACGA	10.959157	-2.2124784
GCTACCTCAAAGGATT	11.542294	1.6845251
GCTACCTGTCATCTAG	13.810743	-3.4721835
GCTACCTGTTAGCTAC	10.894909	0.44003215
GCTCAAAAGAGCGACT	10.023114	-2.9178762
GCTCAAAAGCTTGTTG	11.70794	0.2366512
GCTCAAAAGGTGATCG	13.025085	-2.6331856
GCTCAAACAGCGTTTA	12.746206	-0.888022
GCTCAAAGTGTACAGG	12.164802	1.6954052
GCTGAATAGCATCCCG	10.686043	-3.9980776
GCTGAATAGGTCATCT	10.44351	-3.1962087
GCTGAATAGTCTAACC	10.165405	-1.0856649
GCTGAATAGTTGCATC	12.322291	1.4899572
GCTGCAGAGCGACCCT	9.850867	-0.9444984
GCTGCAGTCTTTCAGT	13.626769	0.5216979
GCTGGGTAGGTTCACT	10.3252325	0.28646466
GCTGGGTAGTATGTAG	13.687858	-1.2787925
GCTGGGTGTCACTACA	13.627335	-1.3476164
GCTTGGGAGCGCCATC	12.297771	-1.1526871
GCTTGGGCATTCCTCG	11.35781	-3.2506542
GCTTGGGGTACCCACG	10.257329	-1.2235274
GCTTGGGTCTGTACAG	11.370894	-1.4780226
GCTTTCGCATTCACAG	11.440865	0.39493898
GGAACCCGTAGGTCAG	13.874096	-1.6230234
GGAACCCGTGGAAGTC	11.708005	-3.3831003
GGAACCCTCAATCTCT	14.386574	-1.6654328
GGAAGTGAGATGCGAC	9.709927	-1.3556882
GGAAGTGAGTGGATTA	10.591167	0.44288626
GGAAGTGCATCAGCAT	10.330671	-3.0200303
GGAAGTGGTAATCAGA	11.954202	1.5819774
GGAATCTCAGGTTCAT	11.988357	-1.6953472
GGAATCTCATGCTGCG	13.775304	0.36456856
GGAATGGCAACAAGAT	12.357354	-0.7319467
GGAATGGCACAGTACT	13.883025	0.16357785
GGACGTCAGAACGCGT	12.631584	-2.3459692
GGACGTCAGCGCCTAC	10.541831	-4.0896535
GGACGTCAGGGCAGAG	9.181062	-0.6532699
GGACGTCAGTTTAGGA	11.965975	-1.7648726
GGACGTCGTATCCTTT	11.381002	-3.1698928
GGACGTCTCGCTTACC	10.546293	0.13579382
GGACGTCTCTCTTAAC	10.6816225	-2.2261956
GGAGAACAGGGTCACA	12.436188	-3.3927712
GGAGAACCAGAGGTAC	14.178239	-0.64854896
GGAGAACTCTACAGGT	10.271236	-1.5662047
GGAGCAAAGCTAGTTC	11.9888935	-3.3589904
GGAGCAAGTACTCGCG	13.647311	0.795965
GGAGGATCAGACACAG	13.976987	0.60214937
GGAGGATGTCGTCTCT	11.755876	1.4907038
GGAGGATGTGAGATAT	13.853268	-0.8980845
GGAGGTAAGATAGCAT	11.433787	-2.0316935
GGAGGTAAGGGAGAAT	12.230646	-0.27222556
GGAGGTAAGTGAATAC	13.798382	-1.4165348
GGAGGTACAAATGGTA	11.175296	0.0806388
GGAGGTACAGGGTCTC	12.797091	-3.9433675
GGATGTTTCGTGGCTG	11.647724	0.4402705
GGCACGTCAAAGCACG	12.777224	1.7300107
GGCACGTGTGTCTTAG	10.536955	-3.1690688
GGCAGTCCAGAGAGGG	11.632354	-2.4243069
GGCAGTCTCGGTCGGT	11.945233	-2.6343184
GGCGTCAGTGAATGAT	14.483127	-1.2976372
GGCGTCAGTGAATTAG	12.628271	-3.6796615
GGCTGTGGTTCAGTAC	13.620246	-3.1814406
GGCTGTGTCTATCACT	12.802747	-3.2862341
GGCTTGGCAACAGCTT	11.895324	-1.1230657
GGCTTGGGTCTATGAC	13.803105	0.79071873
GGCTTGGTCGGTCAGC	10.971436	-1.4041582
GGCTTTCCAGAGGTTG	11.102295	-2.8582654
GGCTTTCCAGCAGATG	13.041472	-2.98289
GGCTTTCGTATCGTAC	12.345005	1.6071546
GGCTTTCGTCGACGCT	11.1714735	-2.005584
GGCTTTCGTTAGAGAT	11.965004	-2.066066
GGCTTTCTCGCCAACG	12.198419	-2.8758736
GGGAAGTAGAAGTCCG	11.4281025	-3.1209702
GGGAAGTTCCGATTAG	9.834533	-0.5488645
GGGACAAAGGCCTAGA	12.332923	1.7608496
GGGACAATCCGTATGA	12.530962	-2.130983
GGGACCTCAAGAGATT	10.526164	-0.80350935
GGGACTCAGCACTCAT	9.192013	-0.58984584
GGGACTCGTGAGCTCC	10.156091	-3.4813333
GGGAGATAGTGAACAT	11.966484	-1.1329117
GGGAGTAAGGTTGACG	10.13829	-3.274095
GGGAGTATCCCTCTAG	11.049267	-1.0829539
GGGAGTATCTAGGAAA	12.032079	-2.8115275
GGGAGTATCTCAAAGC	9.2406	-0.70818615
GGGATGAAGATGAATC	12.463897	-0.19707161
GGGATGACAAGAAACT	12.732928	1.3551528
GGGATGACATAATGCC	11.052406	1.3274285
GGGATGATCGGAGTAG	12.473886	0.69642425
GGGCTACCAAGTAGTA	12.7292795	-2.3027675
GGGCTACGTCCCTGAG	11.28673	-3.717507
GGGTAGAAGTATAGGT	12.502365	-3.072444
GGGTCACAGGTGAGAA	10.884928	-3.509944
GGGTCACAGTTGGAGC	12.868329	-3.0386727
GGGTCACCACTGGAAG	11.336866	-3.8771238
GGGTCACTCGTGGGTC	11.812001	0.86119956
GGGTCTGGTGCCGGTT	9.805757	-0.8500713
GGGTGAACACGCACCA	11.887905	-0.24149865
GGGTGAAGTGCGGCTT	12.032595	0.46774662
GGGTGAAGTTAGTTCG	13.689252	-2.8966978
GGGTGAAGTTCGGCTG	10.851733	-2.1029332
GGGTGAATCCACGTAA	12.116501	-0.88001734
GGGTGTCCAAACAGGC	12.4623	-2.723645
GGGTGTCCAAAGAGTT	12.231859	1.2629131
GGGTGTCCACGTTGGC	12.371728	-0.8904165
GGGTGTCTCACTAGCA	12.433057	-0.083389826
GGGTTATAGGTACAAT	12.485825	0.51357305
GGGTTATCAAGGTCAG	10.753904	-0.90488625
GGGTTATCAATCGTCA	11.098172	1.2834573
GGGTTTAAGTGAGGTC	13.8738	0.30570444
GGGTTTACATGGAACG	13.481697	-2.5183532
GGTAACTAGTGGCAGT	10.546103	-0.622937
GGTAACTCACGACTAT	12.277858	-1.2339476
GGTAACTCATACATCG	8.836331	-0.482795
GGTAATCAGCCGTTGC	11.827837	-3.1213045
GGTAATCGTTCAAGTC	13.12352	-2.425082
GGTAATCTCACGGGCT	12.132429	-2.9838667
GGTAGAGAGTGGGAAA	11.317157	-4.329466
GGTCACGAGCTTCTAG	10.527464	-0.7008273
GGTCACGAGTGTTGAA	11.938085	1.6660068
GGTCACGCAGGTGTGA	10.689447	-0.37540984
GGTCTGGAGCTTCTAG	11.020853	-3.6870494
GGTCTGGAGTGAGGTC	13.261571	0.25398445
GGTCTGGTCATTTCGT	10.414219	-2.0922399
GGTCTGGTCCGGCAGT	12.175133	1.1186996
GGTGAAGAGAAATGGG	11.0317745	-4.136259
GGTGAAGAGCTCGTGC	12.781918	0.7340635
GGTGAAGAGGGTGAAA	13.174466	-2.9496472
GGTGAAGGTCCAAAGG	11.006842	-4.2343507
GGTGAAGTCGTCAACA	12.1749525	-0.6974079
GGTGAAGTCTCTAGGA	13.110073	-1.992126
GGTGATTGTAGTCCTA	13.659515	0.6414873
GGTGATTGTGCCGTTG	11.261663	-2.7199
GGTGGCTAGGTTCATC	12.9145355	-2.9224806
GGTGTCGCAGGACATG	11.523707	1.8312258
GGTGTTAAGATTAGCA	11.408347	-2.4790728
GGTGTTAAGTATAGGT	13.485185	-2.5970533
GGTGTTAAGTTTCAGC	12.613001	1.046941
GGTGTTAGTAGAATAC	12.434536	1.7784648
GGTTAACGTCGTGGTC	10.277831	-0.7992387
GGTTAACTCCGGTAAT	12.065566	-3.3039312
GGTTCTCGTCGGCTAC	12.162227	-1.0597019
GGTTGTAAGTTGTACC	10.582963	0.61495405
GGTTGTACACGATAGG	10.472611	0.47101957
GGTTGTACATCGGTTA	13.095276	-1.2210455
GGTTGTATCCAGTTCC	13.5855875	0.46810755
GTAACACTCTAGGCCG	13.32139	-2.7780137
GTAACCAAGAGAGCAA	11.226418	-4.112118
GTAACCAAGGCCTAAG	13.7253	0.4938315
GTAACCAGTCGTACTA	13.304433	-3.8554924
GTAACCATCTAGGCAT	12.166249	-1.1897012
GTAAGTCAGGTTAAAC	12.900405	-3.2224908
GTAAGTCGTCCTACAA	11.965885	-1.9261849
GTAATCGAGTGTTGAA	10.221499	-0.945276
GTAATCGGTGCCGAAA	9.784004	-1.2415296
GTAATCGTCCTATTGT	8.859264	-0.09917021
GTAATGCAGGGACAGG	10.010308	-2.5894473
GTAATGCCACACAGAG	12.286133	1.2674737
GTAATGCCAGGCGTTC	13.473012	-2.2504199
GTACAACCACACGGTC	12.124889	0.7449112
GTACAACCACCAGTTA	12.905505	-2.7876213
GTACAACCATGGGTCC	10.584026	-1.9150689
GTACAACTCTTGGTCC	12.240937	-1.6549243
GTACAGTAGATTGGGC	13.054264	1.0977516
GTACAGTGTTGCGAAG	12.012181	-2.0193172
GTACAGTTCTGCAGCG	8.899773	-0.69125193
GTAGAAAGTATCATGC	11.251468	1.1948847
GTAGAGGCAGGCATGA	8.717681	-0.09988675
GTAGAGGGTATTTCTC	13.382582	-0.8585189
GTAGATCAGGCCTTGC	10.559962	-3.1629303
GTAGATCTCATGAGGG	9.926418	-2.8727262
GTAGATCTCCCGTGTT	13.881475	-3.3335087
GTAGCTAAGTAAGCAT	12.280923	-0.43072066
GTAGCTAGTCGATTTG	11.620482	-3.142212
GTAGCTAGTTGGTACT	13.57409	-2.141736
GTAGGAGAGAAACACT	13.286163	0.995908
GTAGGAGAGTCGAAGC	12.268179	-3.1455917
GTAGGTTCAACTCGAT	10.481007	-0.75675523
GTAGGTTCACACTGGC	13.85117	-3.1711109
GTAGGTTGTAACATGA	12.117384	1.1015338
GTAGGTTGTGCGGCTT	10.71721	0.15071526
GTAGGTTTCGGAGATG	11.829996	-2.461689
GTAGGTTTCTGTCCGT	12.814158	-2.368816
GTAGTACCAAACCGGA	14.014406	-0.98867565
GTAGTACCAGCGCGTT	10.3954315	-3.585841
GTAGTACTCGAGTCTA	10.99558	-1.6095186
GTATTGGCAACAGAGC	13.875593	-1.3554451
GTATTGGGTACTGACT	9.726318	-0.59823865
GTATTTCGTACCCAGC	12.268634	1.6172982
GTATTTCTCGGCTGTG	13.823211	-2.7610621
GTCAAACAGACTGTTC	13.828098	-3.5045605
GTCAAACCATTCGATG	13.274702	-0.7443932
GTCAAACGTGCTTCAA	12.100994	-0.14158233
GTCAAGTAGCATAGGC	11.610005	-3.8960752
GTCAAGTGTTATGTCG	10.121429	-2.5527687
GTCACGGAGTGGACTG	11.218911	1.1359487
GTCACGGGTTGATGTC	12.133019	-1.2378523
GTCACTCAGGATATGT	9.906522	-2.8606646
GTCACTCCAGAGTGAC	13.680865	1.0347679
GTCAGCGGTACCAATC	13.295525	-3.6621475
GTCAGCGTCAGGACGA	13.240538	-3.2309356
GTCAGCGTCTATGTGG	13.810984	0.30866
GTCATCCAGTCCCAAT	11.210815	0.80557466
GTCATCCCATACAGAA	12.273278	0.7810623
GTCATCCGTCTGTAGT	12.47092	-3.1495814
GTCATCCTCCGACGGT	14.406845	-1.2595719
GTCATGAAGTAAGACT	9.452973	-0.9143492
GTCATTTGTTTCACAG	11.93841	0.37436077
GTCCACTAGTTCGCAT	12.62008	-3.775262
GTCCACTGTGACTCTA	12.492298	-2.027922
GTCCCATTCCCGTAAA	13.861861	-0.9157477
GTCCCATTCTGCGGAC	11.949118	-3.3083234
GTCCTCAGTCGAATGG	12.142654	1.4368072
GTCCTCAGTGCACGCT	12.241244	0.8031086
GTCGAATAGAGAGTTT	12.426154	-2.8035092
GTCGAATAGCATCTTG	11.595162	1.3025473
GTCGAATAGGTTGGTG	11.768671	-1.9777155
GTCGCGAGTATTGGCT	13.999488	-0.83337027
GTCGTAACACATGTTG	12.683304	-4.0069237
GTCGTAACACGACGTC	8.830004	-0.3911075
GTCGTAAGTTAAACCC	10.098043	-3.0249944
GTCGTAATCTCTCAAT	11.376914	-1.9372756
GTCGTTCCATAACCCA	9.922761	-1.0676262
GTCGTTCGTCCAAGAG	12.762444	-3.6535685
GTCGTTCTCAGTCCGG	10.642741	-1.6953225
GTCGTTCTCTGCAGCG	11.484921	0.9407005
GTCTACCAGTAAACGT	12.058596	-4.1643786
GTCTACCTCCTGTAAG	10.111821	-2.4224136
GTCTAGATCAAAGACA	13.009528	-1.92531
GTCTAGATCTGAATGC	10.343943	-2.412772
GTCTCACCACAGTCCG	11.752809	0.57467264
GTCTCACGTCGCATCG	12.578601	1.8100618
GTCTCACTCCATAAGC	11.022006	-2.274684
GTCTTTACAACCTAAC	13.72046	-1.4729146
GTGACGCAGACTAGAT	13.863819	0.7615233
GTGACGCAGCCACCGT	12.656604	-2.4142766
GTGACGCAGGGTGGGA	11.932229	0.20103808
GTGACGCGTTTCGCTC	14.411965	-1.0824269
GTGAGCCCAAGTGATA	11.405158	1.6554663
GTGAGCCGTCCACTCT	12.541038	-1.243514
GTGAGCCGTTCTTGCC	12.475149	1.6716322
GTGAGCCTCGCAAGAG	14.317726	-1.4614402
GTGAGGAAGGACCCAA	12.9326	-2.407062
GTGAGGAAGGATACGC	11.854397	-1.7254283
GTGAGGACATTACGGT	13.780633	-1.0342748
GTGAGGAGTGCAGATG	12.354058	-3.685792
GTGAGGATCACGATCA	12.642991	1.3051555
GTGAGTTAGTTCGCAT	11.290679	-1.9390856
GTGAGTTTCATCTGTT	11.570391	-3.938152
GTGATGTCATCGCTGG	10.261657	-1.4434165
GTGATGTTCAACCGAT	12.099057	1.5224459
GTGATGTTCTGCCTGT	9.700043	-1.8617389
GTGCACGCAAAGTGTA	12.530495	0.5220551
GTGCACGTCACGTCCT	12.861724	-3.8829691
GTGCAGCAGCAGCGAT	10.64829	-0.96533364
GTGCAGCAGGAATCGC	12.233293	0.2791447
GTGCAGCAGTCTGGTT	11.306601	-2.4965684
GTGCAGCGTTCCCACT	12.427457	-1.9692522
GTGCAGCGTTGTTGCA	12.401002	1.653955
GTGCGTGCAGAGTGAC	9.111412	-0.23483911
GTGCGTGCATGACAAA	12.766302	-1.5895083
GTGCTGGCAGAACCGA	14.600785	-0.9473753
GTGCTGGTCCGGTTCT	10.839706	-4.2770114
GTGCTGGTCGAGCCAC	14.020934	-1.9415073
GTGCTTCAGCCTCAGC	12.361415	1.4810169
GTGGAGATCTTCTGTA	11.216526	-0.14271969
GTGGCGTAGCGACTTT	14.2494955	-1.4258628
GTGGGAAGTCTTACAG	12.618557	1.756244
GTGTAACAGAATAGTC	12.421756	0.99667025
GTGTAACAGGAGGGTG	10.45597	-0.93724185
GTGTAACCACAGTCAT	10.406338	-3.9899826
GTGTAACGTTGCTTGA	13.220947	-3.328748
GTGTCCTAGCTAATCC	12.519451	0.04271407
GTGTCCTCACACCTTC	10.001033	-0.6544138
GTGTCCTCACTGAATC	11.110608	-4.1643744
GTGTCCTCATCCTGTC	10.430542	-3.5481079
GTGTCCTCATCTCCCA	11.902356	1.7654804
GTGTCCTTCTGAGATC	11.21068	-3.6795151
GTGTGATAGGCCTAAG	10.540809	0.68211234
GTGTGATCAACACTAC	9.582729	-2.0486422
GTGTGATCAATGAAAC	12.314569	-0.8137058
GTGTGATGTGGTCCCA	12.540186	-2.8106022
GTGTGATGTGTAGCAG	10.987999	0.7695776
GTGTGGCAGCACGGAT	11.271329	-0.87083024
GTGTGGCAGGTGGCTA	12.404161	-2.7045608
GTGTGGCCAAAGGAGA	10.00099	-3.1215556
GTGTGGCCACTTGGGC	11.178512	-2.2276442
GTGTGGCTCTTCGACC	9.439669	-0.86623704
GTGTTAGAGTCTGGTT	11.024863	-3.9028375
GTGTTAGGTAGAATAC	13.36502	-1.5522959
GTGTTCCGTCCCAAAT	13.840945	-1.3466598
GTGTTCCTCGATCCCT	12.821703	-2.309597
GTTACAGCAGGATGAC	13.958339	-1.0815458
GTTACAGTCTTCCCGA	13.036574	-3.3695457
GTTACCCAGCATCTTG	13.633238	-0.70599514
GTTACCCGTAAGACCG	9.71556	-1.7849563
GTTACCCTCTCAACCC	11.9471655	0.14467077
GTTACCCTCTGCTTAT	10.223224	-0.9302449
GTTACGATCCGGGACT	12.356413	-0.78575456
GTTAGACAGCGGGTAT	10.019555	-1.1656822
GTTAGACCACGACTAT	12.028745	-1.9310402
GTTAGACGTAGATCCT	9.931646	-3.0428586
GTTAGACTCTCCAAGA	11.291085	-2.12223
GTTAGTGGTCAGACGA	10.5233755	0.15249516
GTTAGTGGTTGCGGCT	14.018231	-1.463939
GTTATGGGTCCGGATC	12.444837	-0.35604966
GTTATGGGTGACCGAA	12.799419	-3.3513472
GTTCATTAGAGGGCGA	11.357256	-3.315927
GTTCATTAGTCTGGAG	11.512796	-3.1019728
GTTCCGTCAGCGACCT	11.7632	-3.791359
GTTCCGTTCAGCTCTC	11.264594	1.4426838
GTTCGCTTCGAGTACT	13.230821	-3.6510873
GTTGAACCAGGTGTGA	13.576117	-2.4419355
GTTGAACGTACTCGTA	12.462408	-2.1323457
GTTGCGGCAGAAGTTA	12.695604	1.4788164
GTTGCGGGTGGCATCC	12.680555	-0.5650976
GTTGCTCAGCGTGCCT	14.365086	-1.0596228
GTTGCTCAGTCTTCCC	13.796129	-3.534555
GTTGCTCCAACGGGTA	12.5724325	-3.4058056
GTTGCTCTCACCGGGT	12.245414	-0.92121
GTTGTAGAGTCCCAGC	14.246117	-1.2817698
GTTGTAGCATACTGTG	11.305354	-4.1870956
GTTGTAGCATGTGCTA	13.135041	-3.2383182
GTTGTAGGTTCTGACA	13.564266	0.120169975
GTTGTAGTCATGGTAC	14.585947	-1.1266351
GTTGTCCAGCATAGGC	12.636308	1.6174507
GTTGTGAAGACATGCG	13.370694	1.234269
GTTGTGATCTGAGATC	9.591774	-0.8165453
GTTTACTCACGCGCAT	13.208703	-1.7427382
GTTTGGAAGCCAGACA	12.816455	-3.5691607
GTTTGGAGTCCACGCA	10.875698	-3.8800113
GTTTGGAGTGGATACG	12.358217	-0.79624295
GTTTGGATCACTACGA	9.99056	-1.0995784
GTTTGGATCCTGCTAC	12.58388	0.26490375
TAACACGAGACGGATC	12.1095085	1.7740798
TAACACGCAAGCAGGT	10.84538	0.08500101
TAACACGTCACTTATC	12.082669	1.9772264
TAACACGTCAGGTGTT	12.921668	1.3362002
TAACACGTCGGTCTAA	13.80357	-1.4087774
TAACCAGAGCATATGA	12.38628	-2.5656054
TAACCAGAGGCTCAAG	11.6940775	0.4441686
TAACCAGCATCGATGT	12.607836	-2.9058933
TAACCAGGTAGGTCAG	12.799627	-3.0070589
TAACGACCAGTAACAA	11.869287	-2.2195354
TAACGACTCTGCAGCG	12.339022	-3.553834
TAACTTCCAGAGTTCT	10.906149	-4.211464
TAACTTCCAGTCGCAC	14.128666	-0.8764652
TAACTTCCATCTAACG	9.760212	-0.9466921
TAACTTCTCCGTATGA	11.881136	0.0061501726
TAAGCACAGACCAGCA	11.985106	1.7480284
TAAGCACCAATAGAGT	14.139383	-1.8052216
TAAGCACCACGGATCC	13.497235	-2.3664253
TAAGCACGTACCTAAC	13.718699	-1.4018048
TAAGCACGTTGAATCC	11.655779	1.1120939
TAAGCACTCCGAGTGC	10.064833	-2.7276764
TAAGCCACACGGCGTT	13.373761	0.7798804
TAAGCCACAGTGTGGA	12.0363035	-0.12924583
TAAGCCAGTTTGATCG	12.39264	-2.7102177
TAAGCCATCCACTAGA	10.969429	-4.1187215
TAAGCGTAGCCTGTGC	12.732028	-0.45632678
TAAGTCGGTACCGTGC	14.037159	0.52883095
TAAGTCGGTTATGGTC	12.15501	-1.4904646
TAAGTCGTCAAGCTGT	12.200769	-0.9450968
TAATCTCCACAGCGCT	12.85163	-1.7709447
TAATTCCAGGCCTGAA	12.326775	-2.7154217
TAATTCCGTGTATCCA	13.351834	0.09440925
TACAACGCATAACAGA	14.485973	-1.2263944
TACAACGGTACATACC	10.662609	-0.87379503
TACACCCCAAGTGCTT	13.928775	-3.2755527
TACAGGTAGGGTCAAC	10.7308035	-0.34344482
TACAGGTTCAGTCTTT	11.958543	0.19313581
TACATTCAGAAGCCTG	14.009013	-3.4516914
TACATTCAGTCATCGT	11.482593	0.48291445
TACATTCAGTGTTGTC	11.494861	-2.6092029
TACATTCGTATGCTAC	12.4451685	-2.4825718
TACATTCTCCTCTCTT	11.340718	-4.259505
TACCCACGTTCAATCG	12.852597	0.751487
TACCCACTCGTTGCCT	13.824263	-2.9701703
TACCCACTCTAGGAAA	13.92969	-1.1553943
TACCCGTAGTCGCGAA	11.70187	-3.3377936
TACCCGTCAGGAACCA	11.351804	-3.7032893
TACCCGTGTACTGACT	12.632592	1.1102024
TACCCGTGTGCATTTG	12.501982	1.5540837
TACCCGTTCCGCGATG	12.846455	-2.643708
TACCGAATCATGAGGG	13.467853	-1.671506
TACCGGGCATGGCTGC	12.453389	0.12656173
TACCGGGGTCTTTCAT	12.017993	-2.916552
TACCGGGTCCAGTTCC	12.954174	-2.1765127
TACCTCGAGCAACAAT	12.741869	-2.1583457
TACCTCGAGTTTCGGT	12.442356	-3.7967827
TACCTCGCACTCCGAG	10.837451	-2.3941455
TACCTCGCATGGGTCC	9.848076	-0.5871641
TACCTCGTCCTTATGT	12.114322	-2.5033035
TACCTGCAGGATGGCT	11.602151	-1.3382027
TACCTGCCATCGTCCT	12.251563	-2.0906653
TACCTGCTCGCGTGCA	13.679111	-2.2664185
TACGCTCTCTCTGCTG	11.9344225	-2.7692027
TACGGGCGTCAAGTTC	13.77594	-3.0220063
TACGGTACAGCAGTTT	11.488918	-2.6321368
TACGTCCCACCGTGAC	8.71367	-0.09171262
TACGTCCGTAACACGG	14.232492	-1.8820667
TACGTCCTCTCAACCC	12.918381	-2.6806607
TACTGCCGTGCATGTT	11.215496	1.1952727
TACTGCCTCCTCCACA	11.683717	-1.5986917
TACTTCACAGGATTCT	14.044645	-1.5977836
TACTTGTAGCACAAAT	11.51543	-2.8051941
TACTTGTCAGAGCCCT	9.802869	-0.50644726
TACTTGTGTAACACCT	11.332475	-2.9445848
TACTTGTGTCACCGCA	13.374266	-2.6137505
TACTTGTGTCGAGCAA	13.197094	0.41310382
TACTTGTTCGGCTGTG	11.945435	-3.50378
TAGACCAAGACGCTCC	10.872648	-4.1398582
TAGACCACACTCCTGT	11.970117	-1.7591833
TAGACCAGTCAGTCGC	12.517874	-3.0312161
TAGACCAGTCTGATCA	12.103776	-2.6748126
TAGACCAGTGGACTGA	12.044898	0.7479911
TAGACCATCTATCGCC	13.807322	-0.9215732
TAGACTGAGTGCGTCC	13.248539	-3.3106961
TAGACTGGTCGGCTAC	10.925942	-2.7298584
TAGACTGTCCTGGTCT	10.318975	-3.9394236
TAGACTGTCTGACGCG	12.366443	1.6845999
TAGATCGCAGATACTC	10.379618	-0.009110882
TAGATCGCAGTGAGCA	13.573531	-3.6725066
TAGATCGGTAATTAGG	12.310385	1.4894639
TAGCACAAGGCTCTAT	13.074426	-3.3208594
TAGCACAAGTTAACGA	12.720169	-3.0631766
TAGGAGGAGGCCCACT	13.734676	0.73759174
TAGGAGGGTGTGTTTG	13.39561	-0.814826
TAGGAGGTCGCCAACG	12.281667	1.3166796
TAGGGTTAGTTCCAGT	12.062841	-4.1222167
TAGGGTTCAGAATGTA	12.554926	0.68506074
TAGGGTTCAGTGTATC	12.097388	0.39384925
TAGGGTTGTTGGCCTG	10.450506	-3.3354592
TAGGGTTGTTTCCCAC	11.997985	1.806837
TAGGGTTTCAGTCAGT	11.998907	1.5660081
TAGGGTTTCGGAATGG	13.248527	-3.3650546
TAGGTACAGCGTGTCC	12.59683	-1.5451915
TAGGTACCACTCACTC	11.2795315	-3.0104406
TAGGTACGTTCGATTG	14.344471	-1.5851393
TAGGTTGAGATGACAT	10.95994	-2.2833652
TAGGTTGTCGGAGATG	10.570922	-3.919347
TAGTGCATCCCAGGCA	12.305608	-3.8775249
TATACCTAGCCGATAG	11.699042	-2.2316747
TATACCTTCGAAGAAT	12.763313	1.0763727
TATACCTTCGACACTA	13.248017	0.649598
TATATCCTCGCCCAGA	12.935044	-1.8621331
TATCAGGCAGTGACCC	11.186657	-1.999579
TATCAGGCATGGACAG	11.967832	-1.9452189
TATCAGGGTGTATCCA	13.033937	-3.2521873
TATCAGGTCTGCTTTA	12.522856	0.47095376
TATCCTAGTGATCGTT	12.923357	0.72717476
TATCCTATCTGTAAGC	9.769909	-0.5123147
TATCGCCAGTGGGAAA	13.156993	-2.3698602
TATCTGTCAACACACT	11.348434	1.6513119
TATCTGTTCAGTCAGT	8.912258	-0.13565683
TATCTTGGTTCCATTT	11.629704	-3.5487373
TATGTTCAGAACAGGA	12.218291	0.78343016
TATGTTCAGACCTTTG	13.567223	0.86800927
TATTCCAAGACATAAC	12.14435	1.1764452
TATTGCTAGTAGCCAG	12.701155	1.415733
TATTGCTCACATATCG	10.395275	-2.5000398
TATTGGGAGGCGTTAG	12.261637	0.7758885
TATTTCGCAAAGGCTG	12.5866995	0.056326076
TCAAGACAGATTGCGG	13.612278	-2.7781386
TCAAGACCAGCGGATA	11.665118	1.174517
TCAAGACGTGCAGGAT	13.995533	0.5030579
TCAAGACTCCCAAGTA	11.0118885	-4.2732744
TCAAGACTCCGCACGA	10.654501	0.1766204
TCAAGACTCGCAGTGC	13.747762	-1.4320582
TCAAGCAAGGAGTACC	12.236751	0.63508147
TCAAGCACACTCGATA	11.656085	-3.2790403
TCAAGTGGTGGGATTG	8.704303	-0.048899386
TCAATCTAGCCTTGAT	12.32738	1.5675247
TCAATCTAGGATTTAG	13.039956	-2.7542987
TCAATCTTCATACGAC	9.704585	-1.4244294
TCAATTCAGACGCAGT	12.38138	-1.7663463
TCAATTCGTTGTTTGG	9.339409	-1.4695245
TCAATTCTCCACACCT	12.828995	0.8151031
TCACAAGCAAGAGTTA	10.740981	-1.8364254
TCACAAGCACTACTTT	12.09509	-1.1834466
TCACAAGTCATGGAGG	12.422799	-0.991734
TCACACCGTCACTCGG	11.292641	-2.034062
TCACATTAGAGGCTGT	12.75881	0.5791662
TCACATTCAGTAACAA	9.554795	-1.8947257
TCACATTGTTATGTGC	12.545262	-3.1229882
TCACATTGTTGGTAGG	12.932246	-1.8892758
TCACGCTGTAAGATAC	10.024721	-0.48190507
TCACGCTTCCTCATAT	13.478432	1.3119818
TCACGGGGTAGCGTTT	11.706011	-2.5722878
TCACGGGGTCTCGCGA	12.337661	-0.8804084
TCACGGGGTTCTCCAC	9.940453	-1.557692
TCACTATAGAAGATCT	13.015728	-3.0642726
TCACTATCAACCGCTG	11.378796	-2.888664
TCACTATGTCATCACA	9.89686	-2.505565
TCACTATTCTGGGCGT	11.8294	-4.1866927
TCACTCGAGGGACAGG	11.21648	0.55824465
TCACTCGAGGGCAATC	8.9632	-0.44239795
TCACTCGCAGAGGACT	11.437263	-1.7510741
TCAGCAAAGCGCCTCA	10.679642	-0.2523838
TCAGCAAAGTCGGGAT	11.416947	1.3786385
TCAGCCTCATTGCCTC	11.196895	-1.9594032
TCAGGGCCATCATTGG	9.591445	-0.666111
TCAGGTAGTTACCCAA	9.441671	-0.61725175
TCAGTCCCACCCTAGG	12.297685	-1.7892008
TCAGTCCCATCCTGTC	12.295081	0.9321558
TCAGTCCGTCATCGCG	9.675864	-0.6209498
TCAGTCCTCCGTCACT	12.57395	1.398698
TCAGTGAAGAAGGATG	12.54137	-2.5342329
TCAGTGAAGGCCTTCG	10.355422	-1.7147378
TCAGTGAAGTACCATC	13.267522	-1.7259958
TCAGTGATCCTATTTG	9.748428	-0.7025437
TCAGTGATCCTGCTAC	10.375338	-3.2188876
TCAGTTTAGAATTCAG	11.796841	1.1015369
TCAGTTTAGACGCAGT	11.673121	0.61626565
TCAGTTTCATGTGGTT	12.167362	-0.8986379
TCATACTAGGTTCTTG	10.3713255	-3.9228613
TCATACTTCAGGAAGC	10.605634	-3.4233112
TCATACTTCTGCGGAC	10.081206	-3.478543
TCATATCCAGGCGTTC	12.802664	1.2590842
TCATATCGTATCGTTG	10.423827	0.30371085
TCATATCGTCATCGGC	13.10193	-3.9708893
TCATATCTCTCATTGT	11.259262	0.9196955
TCATCATAGGTTGAGC	9.602751	-1.0602311
TCATCATCAATCAAGA	11.105651	0.7211258
TCATCATCAGTCGTTA	12.625146	0.34529975
TCATCATTCAAGCGTT	12.320116	-1.1812226
TCATCATTCGCCTATC	10.440113	-0.45268115
TCATCCGCACCATATG	12.167345	0.4716282
TCATGCCTCTAGATCG	12.036378	-2.0116284
TCATGCCTCTCGAACA	12.7075405	-2.270306
TCATGGAAGACTGAGC	13.97694	-0.720795
TCATGGAAGGCAGCTA	12.834553	1.4517577
TCATGGAGTAACCCTA	11.128255	-3.0632281
TCATGGATCTCATGCC	10.238841	-0.79053223
TCATGGATCTCCCATG	10.548072	-2.3837793
TCATGTTAGTGATAGT	13.991997	0.24570288
TCATGTTCATTGACCA	10.197191	-2.4265456
TCATGTTGTAGTACGG	12.369737	0.8730406
TCATGTTGTCATCGGC	10.037242	-0.3571507
TCATGTTGTGCCCAGT	9.582812	-1.3683228
TCATTACAGTCGTTAC	13.339203	-0.65600556
TCATTACCAGTGCGCT	9.964325	-2.6178918
TCATTACGTGTGTGGA	10.675323	-3.8792367
TCATTCAAGCGTGTTT	12.850863	-1.8690337
TCATTCACACTTACAG	9.023057	-0.002308501
TCATTGTGTAGAATAC	10.001882	-2.671601
TCATTGTGTAGATTAG	9.614884	-1.3235599
TCATTTGGTCCAATCA	14.017133	-2.7146766
TCATTTGGTGCCCAGT	10.5701475	0.93769693
TCCACCAAGCTAGATA	10.926264	-3.6296434
TCCACCACAGCGTGCT	9.752586	-0.9373411
TCCACCACAGTTAAAG	13.345724	-2.7752547
TCCACCACATAAGCAA	10.796513	-3.1504169
TCCACCACATTGCAAC	14.545271	-1.4921514
TCCACCATCGGAGATG	12.25144	-1.3380679
TCCACGTCAGTTAAAG	12.47173	-1.1294874
TCCACGTTCACCTACC	12.368848	0.7263954
TCCAGAACAATGGGTG	13.363905	-2.4003665
TCCAGAACACGGTGTC	12.002815	-2.213173
TCCAGAATCGGCATAT	13.357844	-3.0585363
TCCATCGAGTCACTGT	13.17222	-0.26491618
TCCATCGGTTTACCAG	10.06819	-2.947639
TCCATGCGTTGCGTAT	13.8371	-0.44668028
TCCCACAAGTCACACT	11.150078	0.4841121
TCCCACACAGTAGTGG	11.293564	-2.1504714
TCCCAGTAGGGCCTCT	11.301806	-4.1930056
TCCCAGTGTAACACGG	11.876335	1.6637993
TCCCAGTGTAATACCC	11.658663	-2.4356296
TCCCAGTTCACCCATC	11.874904	1.5014421
TCCCAGTTCCACAAGT	11.8574505	-1.2839814
TCCCATGCAACCTATG	14.052697	-0.9887383
TCCCATGGTAATACCC	12.794148	-1.779849
TCCCATGGTGGCTAGA	14.275738	-0.82137525
TCCCATGTCACAATGC	13.408039	-3.0693023
TCCCATGTCTCGGTAA	11.342796	-2.5970721
TCCGAAACATACGCAT	11.985597	-0.9262892
TCCGATCCAGCGACCT	9.951016	-0.98221534
TCCGATCGTTGTGGAG	13.213957	1.0925003
TCCGATCGTTTAGACC	14.480468	-1.1539677
TCCGATCTCCCGTAAA	12.271682	-1.0110064
TCCGATCTCCGCAGTG	11.79871	-0.2833324
TCCGGGAAGAAGTCCG	13.873983	-1.0104647
TCCGGGAAGACGGATC	14.194624	-1.3745813
TCCGGGAAGACTTCAC	11.442609	1.6787432
TCCGGGAAGAGCTGCA	12.866864	-3.2772481
TCCGGGACAGTAGTTC	9.3337	-0.84357715
TCCTAATAGCAGAAAG	13.253133	-0.64013934
TCCTAATAGGCACCAA	11.808681	1.0307499
TCCTAATCAGCGCGTT	11.611654	-1.0842851
TCCTAATGTAGGGTAC	13.197967	-3.1146228
TCCTCCCCACATACGT	12.312145	0.2905835
TCCTCCCGTCCAGCAC	10.526901	-3.3035834
TCCTCGAGTAATGATG	12.4865465	-3.9270315
TCCTCGAGTACGTAGG	10.818884	-3.113027
TCCTCTTCACTGCTTC	12.531553	-2.0284903
TCCTCTTCAGCTCGGT	11.8638115	-3.2659347
TCCTGCAAGGAGATAG	12.022946	-1.3566585
TCCTGCAGTCAGTCGC	12.475437	0.023813771
TCCTGCAGTTTGAACC	11.958627	1.7534758
TCGAACACATGACTGT	13.866545	-2.766569
TCGAACACATGGAACG	11.720254	-0.7375077
TCGACCTCAACAAGAT	9.835748	-1.5808872
TCGACGGAGCTAGATA	10.88976	-4.119363
TCGACGGCAAATGGAT	10.411222	-1.5506611
TCGACGGCATCGGTTA	11.436222	-0.058536086
TCGATTTCATAGAATG	12.676363	-3.5303607
TCGCACTCAGGGTCTC	8.831632	-0.35570362
TCGCACTGTACACTCA	13.195109	-2.4910612
TCGCAGGAGCTGACCC	11.314071	-4.148434
TCGCAGGCATGATGCT	11.553224	-2.3144622
TCGCAGGTCCCGTTGT	12.238238	-2.2610662
TCGCTCAAGCTAAACA	11.415793	-1.6662948
TCGCTTGCAGCGACAA	12.779444	-3.6590197
TCGCTTGGTTAGGCCC	11.934555	-0.613662
TCGCTTGTCCCGAGTG	12.238749	-0.025412811
TCGGATACAAAGCGTG	12.73373	-1.7756122
TCGGATACATAGTCAC	12.583203	-2.4816656
TCGGATATCGGATTAC	8.949628	-0.22322108
TCGGGACAGAGTCACG	9.792413	-2.3932407
TCGGGACAGGGTTAAT	10.447691	-1.8484056
TCGGGACGTTGCCATA	13.453337	-1.3292979
TCGGGACTCGCACTCT	12.0722065	-2.0438893
TCGGGCAGTCCTGAAT	12.864946	-3.1760688
TCGGGCATCCCTTGGT	11.661093	-1.4862369
TCGGGCATCTCTGCTG	11.476088	-4.105607
TCGGGTGCACCTCAGG	12.00496	0.84712625
TCGGGTGCATTCGGGC	13.417877	-2.8736475
TCGGTCTCAGCAGACA	9.41686	0.19212048
TCGTAGAGTTCGGTTA	10.303596	-1.1578864
TCGTAGATCAAGGAGC	13.116714	1.1990193
TCGTCCAAGACTTGTC	13.077348	-3.7425547
TCGTCCAGTATGCAAA	14.019652	-0.9009766
TCGTCCAGTGAATGTA	12.505413	1.23902
TCGTCCATCAATCGGT	13.233815	-3.7706203
TCGTGCTGTCTGCCTT	10.127809	-0.8402275
TCGTGGGTCGACGCGT	13.043969	1.1639446
TCTAACTGTTTATGCG	14.025464	-3.1312077
TCTACATAGCAGCACA	13.6989565	0.7073579
TCTACATCAATGTTGC	12.459806	0.31432897
TCTACCGAGAGAGCCT	12.252052	-2.6614664
TCTACCGAGATGTTGA	13.185795	-3.3695233
TCTACCGAGCGACTGA	9.731226	-2.1144953
TCTACCGCAAACACGG	11.930227	0.097448915
TCTACCGTCCGTGACG	11.868523	0.26587626
TCTATACGTCCTCCAT	13.392859	-3.687902
TCTATACGTTCCACAA	9.4983835	-0.80396223
TCTATCACAAATGCTC	10.025009	-2.788645
TCTATCACACCGTGGT	12.087636	-0.30043826
TCTATCACACCTGTCT	9.878192	-0.832212
TCTATCACATGGAACG	9.112806	-0.34502238
TCTATCATCACACCCT	12.50819	1.6317563
TCTATCATCACCTTGC	14.366926	-0.8338679
TCTATCATCCGAACGC	13.802624	-3.2662005
TCTCACGAGTGGGAAA	11.487215	-4.3472047
TCTCACGCACTTGAGT	12.249158	1.1304582
TCTCACGGTACCAATC	12.305863	-3.6017
TCTCACGGTCACTCGG	11.911159	1.1530854
TCTCACGGTTGTCAGT	14.392951	-1.4806924
TCTCACGTCCTGCTAC	12.5081	-1.840306
TCTCAGCAGCTCACTA	11.492603	-1.7043616
TCTCAGCGTAACGTTC	12.973275	-3.2623787
TCTCAGCGTACGACTT	13.246485	-3.8693783
TCTCAGCTCTCTGCCA	14.579265	-1.2596148
TCTGCCAAGCCTGTCG	11.809513	-2.1013687
TCTGCCACACCACTGG	12.779971	1.2593648
TCTGCCATCATCACTT	11.85619	-2.3716168
TCTGCCATCGCACGAC	12.439965	-2.7259996
TCTGCCATCGGCCCAA	11.23665	1.668807
TCTGGCTCACCCTAGG	12.673652	-2.4489846
TCTGGCTCACCTGAAT	11.978626	0.6364057
TCTGTCGGTACGAGCA	10.885088	1.2875304
TCTGTCGTCAAATGAG	13.191559	-2.140321
TCTTAGTAGTAAATGC	12.920272	-2.2963078
TCTTAGTGTTGTGCCG	12.434261	-3.745288
TCTTCCTGTTTAAGGA	12.862377	1.6382874
TCTTGCGAGAAAGCGA	13.175034	-3.2167518
TCTTGCGAGGCCCAAA	12.524731	1.16682
TGAACGTGTCTGTCAA	13.796869	0.605224
TGAATGCAGCACTGGA	13.248717	-0.62286276
TGACAGTCAACCGACC	12.448875	-3.9898775
TGACCCTAGAATCGTA	11.626406	-1.8237715
TGACCCTAGATGTAGT	11.244225	1.608729
TGACCCTTCTCGTCAC	12.315308	-0.21914166
TGACGCGAGAGTCTTC	9.903394	0.3407014
TGACGCGGTAAGATAC	10.824454	-0.77318174
TGACTCCAGGTTGTTC	9.848963	-0.81548023
TGACTCCAGTCGCCCA	9.513416	-1.6450728
TGACTCCCACATAGCT	13.782429	0.35837653
TGACTCCTCCTACGGG	11.482316	-1.5009068
TGAGCATAGCCAAGCA	12.911856	-2.645149
TGAGCATTCCGTGTAA	12.360074	-3.8377836
TGAGCGCAGTGCGTCC	11.228956	0.46632984
TGAGGGATCCACTTTA	12.182	0.23655325
TGAGGTTCAAGTTCCA	13.764686	-2.2970014
TGAGGTTCAGTTCTAG	12.464397	1.1292586
TGAGGTTTCACGAACT	11.354477	0.8812132
TGAGTCATCTTGCAAG	12.90404	-3.751254
TGATCAGAGATCGCTT	11.242895	-1.945802
TGATCAGAGGTCGTCC	11.659412	-3.1442945
TGATCAGCAATCCAGT	11.230724	-3.631925
TGATCAGCAGGTCCGT	11.318725	-3.1482959
TGATCAGGTAGGTGCA	11.940195	-0.36919644
TGATCAGGTCCAGCCA	11.380799	-4.307314
TGATCAGGTGAGACCA	8.798679	-0.15485322
TGATCAGTCCCTCGAT	12.564963	-1.4264736
TGATCTTCAATAGGGC	10.6975	-0.92227197
TGATGGTAGGATCACG	11.324951	-1.7840112
TGATGGTCATCGAAGG	12.576336	1.3164905
TGATGGTTCCAACTGA	12.839106	-3.7465224
TGATTCTAGCACTTTG	9.998261	-0.8058386
TGATTCTAGCCTATCA	10.5936365	-0.84194994
TGATTCTCAGGCGATA	13.026998	-3.6729896
TGATTCTTCGAACGGA	13.830099	-3.007293
TGATTTCAGCATTTGC	13.022141	0.7172105
TGATTTCAGTAATTGG	11.932117	-1.8400497
TGATTTCCAAATAAGC	12.239989	-1.7783283
TGATTTCGTTTACGAC	8.707755	0.0045985994
TGATTTCTCGTAATGC	11.270225	1.6591067
TGCACGGCAGAACGCA	13.739128	0.54003173
TGCACGGCAGCTTTGA	13.272982	-0.67479926
TGCACGGGTCAGTCTA	12.380452	0.36177114
TGCAGATAGTCAGGGT	13.493581	-2.1272836
TGCAGATCAGATAAAC	13.941235	-3.0508215
TGCAGATGTAAGATCA	10.358634	0.31588376
TGCAGATTCCACTTTA	10.067776	0.3125302
TGCAGGCCACTTTATC	12.451112	1.1188651
TGCAGGCCATCCGAAT	12.128051	1.5367827
TGCAGGCTCACCCTCA	10.606948	-2.2637153
TGCAGTAAGACCTTTG	13.706202	-3.359166
TGCAGTAGTAGTGATA	12.247689	0.65731066
TGCAGTAGTGAGTAAT	9.280471	-0.57989097
TGCATCCCAGCACACC	10.803857	-3.693256
TGCATGAAGTCCGCGT	12.261154	-2.4514244
TGCCGAGGTGAACTAA	11.701295	0.5812873
TGCGACGAGCACGATG	13.397496	-0.7058331
TGCGACGAGGGAACAA	11.503934	-2.323732
TGCGATACATCAGCTA	11.409032	1.7210593
TGCGATATCCTACCGT	11.222343	-0.8214837
TGCGGGTAGTATGCAA	10.990525	0.80232716
TGCGGGTCAATCCTAG	13.249458	-2.4361577
TGCGGGTGTAGCGATG	9.65929	-0.59871376
TGCTCCATCGAGCACC	12.60525	-2.044562
TGCTCGTGTCGTGGAA	11.864258	-0.4982604
TGCTGAATCCAGTGTA	13.480256	-2.1821358
TGCTGAATCGCTAAAC	11.402535	-1.8736097
TGCTTCGAGCATCCTA	12.858018	1.7335898
TGCTTCGCAATCGTCA	12.413016	0.34958547
TGCTTCGTCATGAGGG	12.722514	-3.6491928
TGCTTGCAGACTGAGC	10.492651	-3.7018714
TGCTTGCCACAGTCGC	10.470121	-2.5819254
TGCTTGCCACTCTAGA	9.563915	-1.4576678
TGCTTGCTCTCTGACC	12.237864	-2.7648914
TGCTTGCTCTCTGAGA	11.830259	-1.2218639
TGGAACTGTCGTGTTA	14.009857	-0.6755076
TGGAGAGAGCCATTGT	11.808134	-0.25176722
TGGAGAGTCGGCTGAC	12.759507	-3.8366003
TGGAGGAAGTGACACG	10.593795	0.9166193
TGGAGGACAATCCAGT	12.272316	1.3332456
TGGAGGATCCGCTGTT	10.373619	0.38177192
TGGAGGATCTCTGCCA	13.83887	-1.7765961
TGGATCACAGACGGAT	12.3728695	-2.849945
TGGATCAGTGTATCCA	12.5210285	-2.4263234
TGGATCATCCTTCGAC	12.365016	-0.97420776
TGGATCATCTTTCAGT	11.433123	0.57016945
TGGCGTGGTGGAGAAA	11.865313	0.94787794
TGGGAAGGTTCAAAGA	10.113838	-1.6436243
TGGGAAGTCAATCTTC	13.135022	-3.0598571
TGGGAAGTCCACAGGC	11.474969	-0.8590212
TGGGAAGTCGACATTG	12.372648	1.535239
TGGGAGAAGATGGTAT	12.3429785	1.2951099
TGGGAGAAGTGAGGCT	12.530714	-1.0642512
TGGGAGACATAGGTTC	11.298444	-2.0708623
TGGGAGAGTCCGAAGA	11.913133	0.66552305
TGGGATTGTACAGTTC	12.01046	-2.9941075
TGGGCGTAGCCGGAAT	10.9955015	-4.274654
TGGGCGTCAGCATCTA	10.915248	0.24610998
TGGGCGTGTCTATGAC	13.0464735	-3.653725
TGGGCTGCACGAAAGC	13.333043	-2.6424298
TGGGCTGGTGGAAATT	9.966623	-2.9942122
TGGGTTAGTACCGTGC	10.470862	-4.16315
TGGGTTAGTCATTGCA	14.399088	-1.1096367
TGGTACACACCTCAGG	10.412186	-0.6122485
TGGTACAGTCTGTAGT	10.532663	0.59688145
TGGTACAGTCTTCGAA	10.505281	-4.0895233
TGGTACATCGCGTTTC	13.223009	-3.754657
TGGTACATCGGTCGGT	12.12113	-1.0944786
TGGTACATCTCACGAA	11.79903	-0.9392505
TGGTAGTAGGTCCCGT	11.506702	-3.1009185
TGGTAGTTCGCGTGCA	9.552899	-1.292957
TGGTGATCAGCCCACA	13.196062	-3.242059
TGGTGATGTCATCCGG	14.355422	-1.4609479
TGGTGATTCATGCCAA	10.372565	-3.5388408
TGGTGATTCGTAACCA	10.271894	0.38848397
TGGTGATTCTAACACG	10.412008	-3.9690742
TGGTTAGAGGAGTATT	9.983159	-0.5519048
TGGTTAGCACGCGTCA	10.633029	-3.1660445
TGGTTAGCATATTCGG	9.929694	-0.91456133
TGTAAGCGTGTAAACA	11.642305	-1.2613747
TGTAAGCTCTACAGGT	12.221747	-3.2307105
TGTACAGCAGCTGTTA	10.482976	0.8167335
TGTACAGGTCTGTCCT	11.6233835	-2.5701237
TGTACAGGTTAAGGGC	11.42976	-0.19207172
TGTACAGTCAACGAGG	13.891631	0.27295923
TGTACAGTCCACGTCT	11.286637	1.5890872
TGTAGACAGGTGATCG	10.965115	-4.282595
TGTCAGACACGACCTG	12.717214	1.5842595
TGTCAGAGTAACTTCG	11.708396	-4.24267
TGTCCACGTGTTGAGG	9.952727	-1.0869957
TGTCCCACAAGTCATC	11.806342	-1.8063109
TGTCCCACACAAGTGG	10.762678	-0.817116
TGTCCCAGTAGGTACG	12.63988	1.3757335
TGTCCCAGTTCTCTAT	13.577874	-1.3221555
TGTCCTGAGAAGAGCA	13.779155	-0.82955366
TGTCCTGGTATCGAGG	14.325784	-0.8533588
TGTGAGTAGTATGTAG	12.48383	1.2358968
TGTGAGTGTTCTTAGG	11.6348	-1.3801137
TGTGATGCACTACCGG	11.0953	-4.070661
TGTGATGGTGTCTCCT	12.893115	1.4377927
TGTGATGTCCATCTCG	11.048354	1.6739708
TGTGCGGCACGAGGTA	11.306161	1.6828238
TGTGCGGGTAGATCCT	10.395849	-3.278982
TGTGCGGTCGGCCAAC	13.35643	-2.5047147
TGTGGCGAGCCTGTGC	13.990116	-0.6686803
TGTGGCGGTGGAGGTT	12.285149	-1.1663204
TGTGGCGTCACAACCA	11.49168	-0.68963
TGTGTGACATCCTCAC	12.33449	1.8436031
TGTGTGAGTACCTAAC	13.256555	0.81942964
TGTGTGAGTTATCCAG	10.856546	-3.718362
TGTGTGAGTTATCTGG	12.902313	-1.9779443
TGTTACTCACGAGGAT	12.855477	-1.3365963
TGTTACTGTCGGCCTA	12.652812	-2.4778917
TGTTACTTCTTCCACG	13.611276	-0.6297617
TGTTCATCAGTGTATC	10.218705	-2.9796607
TGTTCATGTATCAGGG	11.870766	-3.509854
TGTTCCGTCAAGTCTG	12.701375	-2.009291
TGTTCTAAGCATCCCG	10.29018	-1.2203981
TGTTCTACAGAAGTTA	11.70145	-4.0345063
TGTTCTAGTGTTCAGT	13.771374	-2.8089747
TGTTCTATCATTATCC	9.970487	-0.5955457
TGTTGAGAGGGTTGCA	11.503528	-2.6527271
TGTTGAGCAGGACATG	12.76256	1.2358872
TGTTGAGCATTGTCGA	11.563996	0.7248991
TGTTGGAAGGTGGCTA	10.097889	-1.2812518
TGTTGGAGTACAAGTA	9.72069	-1.1949685
TGTTTGTAGTCTCCTC	11.758368	0.5625809
TGTTTGTAGTGGATAT	13.931828	-3.1637645
TGTTTGTGTATGTCCA	13.381041	1.2034086
TGTTTGTTCACTGTTT	14.416084	-0.8407614
TTAATCCCAAATCCCA	13.288462	-2.8252852
TTAATCCGTTTGGGTT	11.410301	-0.2874488
TTACAGGAGCGTGTTT	11.726757	0.3646455
TTACAGGCAACAGCTT	12.117669	0.88611364
TTACAGGCACGGGTAA	13.702024	-1.1372993
TTACAGGGTTCCTAAG	9.885006	-1.4709704
TTACCATGTGGATACG	13.657323	0.5254262
TTACCGCCACGCAGTC	9.639512	-1.3701854
TTACTGTAGTTGTCAC	12.409906	-2.2938237
TTACTGTCAATAGTGA	12.023764	0.6741672
TTACTGTCAGAGATGC	11.492999	-2.5255504
TTACTGTGTATAGGAT	10.865298	-1.5791384
TTACTGTGTATCCTTT	13.910456	-2.9315393
TTACTGTGTGCTTCAA	10.634975	-2.2693484
TTACTGTTCTCTTGCG	11.020293	-3.6407857
TTAGGCAAGCTGGCTC	12.874651	-2.7893667
TTAGGCAAGGTTAGTA	11.045923	-2.0313692
TTAGGCACAGACAATA	12.668833	-2.5329394
TTAGGGTCAATAACGA	14.078957	-1.7574564
TTAGGGTCATCCTTCG	12.469619	-1.7387471
TTAGTCTGTAGGATAT	13.49613	0.49067596
TTAGTCTTCATGCAGT	10.264318	-2.507809
TTATTGCCATCTTTCA	11.880927	-0.73887914
TTCAATCAGCAGCAGT	10.53737	-3.0884943
TTCAATCCAGCTTTCC	13.454051	-1.2760512
TTCAATCCAGTGTGGA	13.692029	1.1004143
TTCAATCCATCCAACA	10.565768	0.2612455
TTCAATCCATGGCCCA	12.1841545	-2.6510286
TTCACCGTCAGAACCT	11.969929	-3.0396307
TTCACGCCATTCGATG	13.427515	-3.3492262
TTCAGGACAAGATCCT	11.611366	-1.0356245
TTCAGGACATGGGTCC	12.141736	0.9247327
TTCAGGAGTGTATACC	12.216126	-0.94777864
TTCATGTCACTACGGC	11.100578	-4.225545
TTCATGTCACTAGGTT	13.248308	-0.26270816
TTCATTGTCAACCCGG	9.896929	-1.9150273
TTCATTGTCCCTCTAG	14.536883	-1.079864
TTCCACGAGCAATAGT	11.470761	0.018471105
TTCCACGAGTTCCAGT	10.601264	-1.9696833
TTCCGGTTCGTAATGC	12.530555	-2.5126538
TTCCGTGCACCGTGGT	11.60905	1.022577
TTCCGTGTCCTACGAA	9.6964245	-0.66152054
TTCCTAACAACTGAAA	10.428006	0.006956844
TTCCTAAGTTCCTTGC	12.296436	0.95636356
TTCCTAATCACTTTGT	12.25915	-0.19195998
TTCCTCTTCAGACATC	12.539419	1.0737259
TTCCTTCAGTCGAAGC	12.555353	-2.1649103
TTCCTTCGTTGAATCC	13.735357	-2.1536312
TTCCTTCTCGGAACTT	12.622225	0.75007063
TTCGATTAGGGATGTC	10.083378	0.18873182
TTCGATTGTCACCGCA	13.094146	-3.609524
TTCGATTTCCGCATAA	14.071769	-0.5289407
TTCGCTGCAACGACAG	14.414737	-1.1335617
TTCGCTGTCTCCCATG	13.037611	-3.4294126
TTCGGTCGTCATCGCG	14.004492	-1.1104283
TTCTAACGTCGCTGCA	10.198953	-0.46048656
TTCTAACGTTTAGAGA	11.801755	-0.17628625
TTCTAGTAGTGGTCAG	9.02778	-0.6082244
TTCTAGTCATCCGGTG	12.637693	-0.8219571
TTCTAGTTCCATTGTT	10.931621	-4.3438864
TTCTCTCAGTAGCTCT	14.121371	-0.7528642
TTCTCTCGTTGTCCCT	13.277215	-3.104694
TTCTCTCGTTGTGGAG	13.084279	-3.3834813
TTCTGTACATAGAAAC	12.176152	-3.4069407
TTCTGTAGTGGCCTCA	12.345367	-1.569819
TTCTGTATCCACCTCA	13.162697	-1.9172814
TTCTGTATCTGTGCGG	13.440987	0.9386217
TTCTTGAAGCCTGAAG	10.973409	-1.581507
TTCTTGACATGGAAGC	12.68195	-3.2921066
TTCTTGATCGTGCAGC	13.433883	-3.0258024
TTCTTGATCTTCTCAA	11.455437	-2.6910355
TTGAACGAGTCATCGT	9.86312	-1.8423972
TTGAACGCAGCCCAGT	11.625066	0.26970127
TTGAACGGTACATTGC	12.273832	-0.41463155
TTGAACGTCAGCTTGA	12.387017	1.6093326
TTGAACGTCTCTAAGG	12.073891	-3.8543742
TTGACCCGTCCGAAAG	12.128099	1.6378443
TTGACCCTCCTCCACA	9.789682	-2.1612015
TTGAGTGAGCCTCGTG	13.6942835	-0.3639508
TTGAGTGAGTCAGGGT	10.590552	1.274533
TTGAGTGCAACTCCAA	12.241736	1.2734779
TTGAGTGGTAGGTTTC	10.275444	-0.11766425
TTGAGTGTCCAGGACC	14.532638	-1.0909079
TTGATGGAGAAGTCAT	11.639815	-3.2282205
TTGATGGAGCCTCATA	13.471325	0.71859
TTGATGGCACATACGT	12.418813	1.4723912
TTGATGGCACATAGCT	12.0365715	-2.0722725
TTGATGGTCAGGCGAA	10.739972	-4.131052
TTGCATTGTTAACAGA	14.048561	-1.1709796
TTGCCTGAGTGGCAGT	12.799279	-1.6974815
TTGCCTGCATACTTTC	14.248225	-0.8102979
TTGCCTGGTCCACATA	11.140355	-0.024958221
TTGCCTGGTCGGTGTC	12.601658	-3.309145
TTGCCTGTCCTTTAGT	12.857853	-2.8438823
TTGCGTCCACAAGCAG	13.120857	-2.0129602
TTGCGTCCATCAACCA	11.520806	0.08783755
TTGCTGCGTTGCATAC	11.94557	1.846365
TTGGATGCATGTGCTA	11.469632	-0.3131932
TTGGATGGTGAGATTA	10.900267	-1.7761686
TTGGGATAGAGCCCAA	12.969903	1.3219066
TTGGGATGTGCGGTAA	10.112613	0.44809896
TTGGGCGAGTCACTGT	12.313402	-1.0844606
TTGGGCGGTAGGTTTC	13.458011	-0.85094947
TTGGGCGGTATGATCC	10.714797	-3.2604902
TTGGGCGGTTTCGTAG	13.321848	-0.41634014
TTGGGCGTCGGCTGTG	10.523105	-2.4326382
TTGGGTACAAGACCGA	12.897205	-3.063211
TTGGGTACAGCGACAA	12.373766	-0.76075125
TTGGGTACAGCTTCCT	12.32377	-2.6543996
TTGGGTATCAAAGCCT	13.036653	-3.6408734
TTGGGTATCTCGGGAC	12.706856	1.1986275
TTGTGGACAAGAGGTC	10.082245	-3.4070346
TTGTGGAGTGCGTTTA	11.892469	-2.2919917
TTGTGGATCATTATCC	13.090406	-3.6680002
TTGTGTTGTATCGGTT	11.669685	-3.834638
TTGTTCATCATTGCTT	11.041365	-2.0269017
TTGTTCATCTTTGCAT	11.00443	-4.2675323
TTGTTGTAGGCGACAT	14.616867	-1.0468161
TTGTTGTAGGTACTGG	12.58833	-1.4267962
TTGTTGTAGTTCTCTT	9.725076	-0.86939687
TTGTTGTGTGTGTGTT	11.538221	-3.1308892
TTGTTGTGTTCGGTCG	13.545666	1.0019484
TTGTTTGAGCAATAAC	12.1647415	-0.9130375
TTGTTTGCATCCTCAC	12.400119	-0.899216
TTGTTTGTCTGGTGGC	13.821899	-0.827593
TTTACCAAGCGTTACT	12.53531	-0.74787647
TTTACCAAGGTCTGGA	13.314372	-3.2123075
TTTACCAGTGCGTGCT	13.604386	-2.9133725
TTTACGTAGAGCTTTC	12.005874	1.0230094
TTTACGTCAAGAGTTA	12.139036	0.53912514
TTTACGTCACCAGGTC	13.049867	-2.47616
TTTACGTGTAACTAAG	14.238226	-2.1192265
TTTACTGAGGTACATA	9.653998	-1.658019
TTTACTGGTAAGATTG	11.995604	0.32816803
TTTACTGGTTTGTGGT	12.169959	-2.5343642
TTTACTGTCACCATGA	12.207814	-3.440668
TTTACTGTCCGCGGAT	13.1443405	-3.8211505
TTTAGTCCATCGATCA	13.847269	0.5455459
TTTAGTCTCAAAGCCT	13.713392	-1.1567446
TTTAGTCTCAAGAAAC	13.088472	-3.8538337
TTTAGTCTCACGGTCG	10.352531	-0.6790592
TTTAGTCTCAGACCCG	10.3467245	0.9842195
TTTAGTCTCGTTGTTT	11.785244	-2.937873
TTTATGCAGGATATAC	11.040693	-3.200976
TTTATGCAGTAGGCCA	13.677731	-3.3477821
TTTATGCTCATCTGTT	10.518148	-4.060899
TTTCACACAAGTATAG	9.019108	-0.5924747
TTTCACACAGGCCCTA	10.228557	-3.1920505
TTTCACATCGTTCGCT	10.905057	-4.1569824
TTTCAGTAGGGACAGG	11.091808	-4.386614
TTTCATGAGGTATAGT	11.422969	-3.786595
TTTCATGGTCGCTTAA	13.948169	-3.0933433
TTTCATGTCCACAGCG	13.871112	0.5536598
TTTCCTCAGGTTTGAA	14.132128	-2.9573374
TTTCCTCTCTTCGTGC	10.751191	-4.3412466
TTTCGATCACAACGAG	12.211721	-3.0280597
TTTCGATTCCCTATTA	12.604993	1.0915377
TTTGACTAGATCCTAC	11.375976	-2.5004592
TTTGACTGTCGTCGGT	10.552888	1.0091889
TTTGACTTCAGACTGT	11.723975	1.6974039
TTTGACTTCCTACTGC	11.831376	-0.28955406
TTTGACTTCTTCTGGC	13.673137	-1.0936071
TTTGATCTCGATACTG	9.669935	-1.2723464
TTTGGAGAGCGCAATG	10.489178	-3.3006012
TTTGGAGCACACGTGC	9.64732	-1.1947174
TTTGGAGTCTAAGCCA	11.835194	0.039300617
TTTGGAGTCTAGTCAG	12.044427	-2.4181087
TTTGGTTGTAGTAAGT	9.485367	-0.021120716
TTTGGTTGTGATAGTA	12.124562	1.0777783
TTTGGTTTCGTCTACC	12.223314	1.4208002
TTTGGTTTCTATTCGT	12.887112	1.4473906
